-- phpMyAdmin SQL Dump
-- version 4.7.7
-- https://www.phpmyadmin.net/
--
-- Хост: localhost:3306
-- Время создания: Ноя 18 2018 г., 22:22
-- Версия сервера: 5.7.23-cll-lve
-- Версия PHP: 5.6.30

SET SQL_MODE = "NO_AUTO_VALUE_ON_ZERO";
SET AUTOCOMMIT = 0;
START TRANSACTION;
SET time_zone = "+00:00";


/*!40101 SET @OLD_CHARACTER_SET_CLIENT=@@CHARACTER_SET_CLIENT */;
/*!40101 SET @OLD_CHARACTER_SET_RESULTS=@@CHARACTER_SET_RESULTS */;
/*!40101 SET @OLD_COLLATION_CONNECTION=@@COLLATION_CONNECTION */;
/*!40101 SET NAMES utf8mb4 */;

--
-- База данных: `yspmxuon_beltelecom`
--

-- --------------------------------------------------------

--
-- Структура таблицы `access`
--

CREATE TABLE `access` (
  `id` int(11) UNSIGNED NOT NULL,
  `key` varchar(40) NOT NULL DEFAULT '',
  `all_access` tinyint(1) NOT NULL DEFAULT '0',
  `controller` varchar(50) NOT NULL DEFAULT '',
  `date_created` datetime DEFAULT NULL,
  `date_modified` timestamp NOT NULL DEFAULT CURRENT_TIMESTAMP ON UPDATE CURRENT_TIMESTAMP
) ENGINE=InnoDB DEFAULT CHARSET=utf8;

-- --------------------------------------------------------

--
-- Структура таблицы `comments`
--

CREATE TABLE `comments` (
  `id` int(11) NOT NULL,
  `post_id` int(11) NOT NULL,
  `author` int(11) NOT NULL,
  `body` text NOT NULL,
  `cheked` int(1) NOT NULL DEFAULT '0',
  `created` timestamp NOT NULL DEFAULT CURRENT_TIMESTAMP ON UPDATE CURRENT_TIMESTAMP,
  `modified` datetime NOT NULL
) ENGINE=MyISAM DEFAULT CHARSET=utf8;

--
-- Дамп данных таблицы `comments`
--

INSERT INTO `comments` (`id`, `post_id`, `author`, `body`, `cheked`, `created`, `modified`) VALUES
(1, 21, 9, 'Тыц Тыц', 1, '2018-11-17 09:56:27', '0000-00-00 00:00:00'),
(2, 21, 9, 'Природа 12312312312и терпеливо подводит нас к мысли о том, что скоро лето, но сначала надо страдать. Погода для страданий на ближайшие дни запланирована разнообразная: холодный дождь, мокрый снег, пегий туман пятнами и скользкая дорога. Сделай из всего правильный выбор, а впрочем, как хочешь.\n\nПредстоящей ночью наш национальный полюс холода (который, как известно, Белгидромет разместил в д. Езерище Витебской области) может замахнуться на отметку в 13 градусов мороза. Там сейчас как раз идут приготовления. Восток постарается не отстать.\n\nПо всей стране ночью и утром будет неравномерно распределен туман, асфальт может покрыться тонким льдом.\n\nВ субботу днем будет никак: от 2 мороза до 4 тепла — ни дождя, ни снега, ни оранжевых карточек. В Минске около нуля. А потом давление начнет падать.\n\nЭто значит, что в воскресенье начнется и в последующие дни продолжится хоть какая-то активность — со снегом и дождем. Вообще, сложность в том, что перечисленные выше явления (дождь, снег, гололедица, ошметки солнца и т. д.) иногда будут бестолково собираться в кучу. В таких ситуациях просто сохраняйте невозмутимый вид, будто вы все так и планировали.\n\nНочные заморозки (до минус 12 на северо-востоке) будут сменяться попытками изобразить день (до +3 на юго-западе). Местами с эрзац-солнцем. Туманы и гололед ночами и утром остаются в силе.\n\nСнег уже зацепился за восток страны и не тает. Говорят, местами покров доходил до 19 сантиметров.\n\nХолоднее всего в Минске в ночь на 18 ноября было в 1965 году — 18 мороза. Теплее всего было 17 ноября 2002 года — плюс 16.', 1, '2018-11-17 15:32:10', '2018-11-17 13:58:26'),
(5, 21, 8, 'Тыц Тыц', 1, '2018-11-17 21:40:06', '0000-00-00 00:00:00'),
(6, 21, 10, 'rgegerger', 1, '2018-11-17 21:40:11', '0000-00-00 00:00:00'),
(7, 21, 10, 'fdgdfgdfgdfgdfgdfgdf', 1, '2018-11-17 21:40:14', '0000-00-00 00:00:00'),
(8, 21, 10, 'авыаываываываываываываываываываываываыв', 1, '2018-11-17 21:40:18', '0000-00-00 00:00:00'),
(9, 6, 10, 'fgdgfdgfdgfdfdgdf', 1, '2018-11-17 21:52:25', '0000-00-00 00:00:00'),
(10, 7, 10, 'dsfdsfsdf', 0, '2018-11-18 07:24:57', '0000-00-00 00:00:00'),
(11, 7, 10, 'dfdsfsdfsd', 0, '2018-11-18 07:43:17', '0000-00-00 00:00:00'),
(12, 25, 10, 'Привет медвед', 0, '2018-11-18 10:40:57', '0000-00-00 00:00:00'),
(13, 28, 15, 'Привет человек!!!', 0, '2018-11-18 16:22:47', '0000-00-00 00:00:00'),
(23, 38, 10, 'dsfsdfds', 0, '2018-11-18 16:49:24', '0000-00-00 00:00:00'),
(17, 28, 10, 'fdsfdsfsdsd', 0, '2018-11-18 13:26:01', '0000-00-00 00:00:00'),
(15, 28, 15, 'Привет человек!!!111', 0, '2018-11-18 12:44:05', '0000-00-00 00:00:00'),
(16, 28, 10, 'Новый комментарий!222', 1, '2018-11-18 16:17:29', '0000-00-00 00:00:00'),
(18, 28, 10, 'тыц тыц', 0, '2018-11-18 15:46:00', '2018-11-18 18:46:00'),
(22, 38, 10, 'fgfdgdfgfdgdfgdfgfdggg', 1, '2018-11-18 16:49:01', '2018-11-18 19:48:56'),
(24, 36, 17, 'Как так?', 1, '2018-11-18 17:00:16', '0000-00-00 00:00:00'),
(26, 42, 16, '123213fff', 1, '2018-11-18 19:43:05', '2018-11-18 22:43:05');

-- --------------------------------------------------------

--
-- Структура таблицы `keys`
--

CREATE TABLE `keys` (
  `id` int(11) NOT NULL,
  `user_id` int(11) NOT NULL,
  `token` varchar(500) NOT NULL,
  `level` int(2) NOT NULL,
  `ignore_limits` tinyint(1) NOT NULL DEFAULT '0',
  `is_private_key` tinyint(1) NOT NULL DEFAULT '0',
  `ip_addresses` text,
  `date_created` timestamp NOT NULL DEFAULT CURRENT_TIMESTAMP,
  `date_expiration` timestamp NOT NULL DEFAULT '0000-00-00 00:00:00'
) ENGINE=InnoDB DEFAULT CHARSET=utf8;

--
-- Дамп данных таблицы `keys`
--

INSERT INTO `keys` (`id`, `user_id`, `token`, `level`, `ignore_limits`, `is_private_key`, `ip_addresses`, `date_created`, `date_expiration`) VALUES
(3, 3, 'eyJ0eXAiOiJKV1QiLCJhbGciOiJIUzI1NiJ9.eyJ', 0, 0, 0, NULL, '2018-11-16 13:17:54', '0000-00-00 00:00:00'),
(4, 4, 'eyJ0eXAiOiJKV1QiLCJhbGciOiJIUzI1NiJ9.eyJ', 0, 0, 0, NULL, '2018-11-16 13:24:19', '0000-00-00 00:00:00'),
(5, 5, 'eyJ0eXAiOiJKV1QiLCJhbGciOiJIUzI1NiJ9.eyJ', 0, 0, 0, NULL, '2018-11-16 13:50:30', '0000-00-00 00:00:00'),
(6, 6, 'eyJ0eXAiOiJKV1QiLCJhbGciOiJIUzI1NiJ9.eyJsb2dpbiI6ImFkbWluMSIsInBhc3N3b3JkIjoiYWRtaW4xIiwiZW1haWwiOiJhZG1pbkBhZG1pbi5ydTJcbiIsInRpbWUiOjE1NDIzNzcwNzF9.NVa1yuExNcPKv50_wjs02xMeUVtjAuzKob_9jxdxzVo', 0, 0, 0, NULL, '2018-11-16 14:04:31', '0000-00-00 00:00:00'),
(7, 7, 'eyJ0eXAiOiJKV1QiLCJhbGciOiJIUzI1NiJ9.eyJwYXNzd29yZCI6IjEyMzQ1NiIsImVtYWlsIjoiYWRtaW5AcHVwa2luLnJ1IiwidGltZSI6MTU0MjM4NzgyMX0.YvYgFdWA3v55fH6Z5CdAn__Ns4ymYJ7n-kPF0bCqGyk', 0, 0, 0, NULL, '2018-11-16 17:03:41', '0000-00-00 00:00:00'),
(8, 8, 'eyJ0eXAiOiJKV1QiLCJhbGciOiJIUzI1NiJ9.eyJwYXNzd29yZCI6IjExMTEiLCJlbWFpbCI6IjEyMzIxMzIxIiwidGltZSI6MTU0MjM4OTk2OX0.V7fR17_alojxpgQyVPl5TuLBhItA10VgbW8jK_J7Rng', 0, 0, 0, NULL, '2018-11-16 17:39:29', '0000-00-00 00:00:00'),
(9, 9, 'eyJ0eXAiOiJKV1QiLCJhbGciOiJIUzI1NiJ9.eyJwYXNzd29yZCI6IjQxMTk3MiIsImVtYWlsIjoiYWFhQGVlLnJ1IiwidGltZSI6MTU0MjQzOTU0OX0.E-z1WhtamkIYn0sqa38q34gHHjGtyXdXGSmA6Dbeseo', 0, 0, 0, NULL, '2018-11-17 07:25:49', '0000-00-00 00:00:00'),
(10, 10, 'eyJ0eXAiOiJKV1QiLCJhbGciOiJIUzI1NiJ9.eyJwYXNzd29yZCI6IjQxMTk3MiIsImVtYWlsIjoic2VhbkBiay5ydSIsInRpbWUiOjE1NDI0NTQyNzB9.xAicaVi1M_MmT92J6E7v2ZJXBgKOm-YatxtRdwZ0XrE', 0, 0, 0, NULL, '2018-11-17 11:31:10', '0000-00-00 00:00:00'),
(11, 11, 'eyJ0eXAiOiJKV1QiLCJhbGciOiJIUzI1NiJ9.eyJwYXNzd29yZCI6IjEyNDI1NCIsImVtYWlsIjoic2VhbkBiay5ydTEiLCJ0aW1lIjoxNTQyNDU0Mzg0fQ.k8KuYMw1GBrsIF3XX5flzSjzENYx881rWUPkA2D8k-0', 0, 0, 0, NULL, '2018-11-17 11:33:04', '0000-00-00 00:00:00'),
(12, 12, 'eyJ0eXAiOiJKV1QiLCJhbGciOiJIUzI1NiJ9.eyJwYXNzd29yZCI6IjEyNDI1NCIsImVtYWlsIjoic2VhbkBiay5ydTEyIiwidGltZSI6MTU0MjQ1NDQ5MH0.HxJ1McWFJmEAt0wITrGPKZZyKJXqgXPp_yV5VndNzIM', 0, 0, 0, NULL, '2018-11-17 11:34:50', '0000-00-00 00:00:00'),
(13, 13, 'eyJ0eXAiOiJKV1QiLCJhbGciOiJIUzI1NiJ9.eyJwYXNzd29yZCI6IjEyNDI1NDMiLCJlbWFpbCI6InNlYW5AYmsucnUxMjIiLCJ0aW1lIjoxNTQyNDU0NTUxfQ.VkvRmLah9RsT12dqkZ7Sj4npHoYPzZpggX8aGVqd-Wo', 0, 0, 0, NULL, '2018-11-17 11:35:51', '0000-00-00 00:00:00'),
(14, 14, 'eyJ0eXAiOiJKV1QiLCJhbGciOiJIUzI1NiJ9.eyJwYXNzd29yZCI6IjIxMzEyMyIsImVtYWlsIjoieGlpaUBiay5ydSIsInRpbWUiOjE1NDI0NTQ2OTF9.VMXW-ay_zdpgMWg5CFz-fxP4XiWfmUBwUuOadgyo3zg', 0, 0, 0, NULL, '2018-11-17 11:38:11', '0000-00-00 00:00:00'),
(15, 15, 'eyJ0eXAiOiJKV1QiLCJhbGciOiJIUzI1NiJ9.eyJwYXNzd29yZCI6IjQxMTk3MiIsImVtYWlsIjoidXNlcjJAdXNlci5ydSIsInRpbWUiOjE1NDI1NDQ4NDR9.A66VLXmO6IlMk8o-ZdHYaQHn_Rs3ycmRgvOFraAiJ0M', 0, 0, 0, NULL, '2018-11-18 12:40:44', '0000-00-00 00:00:00'),
(16, 16, 'eyJ0eXAiOiJKV1QiLCJhbGciOiJIUzI1NiJ9.eyJlbWFpbCI6Im1vZGVyQG1vZGVyLnJ1IiwicGFzc3dvcmQiOiIxMjM0NTYiLCJ0aW1lIjoxNTQyNTcwNTQzfQ.6E--0sxojRoF26E7LGoWYrxaguH68uNHBqumL6Kkh2k', 0, 0, 0, NULL, '2018-11-18 14:29:02', '0000-00-00 00:00:00'),
(17, 17, 'eyJ0eXAiOiJKV1QiLCJhbGciOiJIUzI1NiJ9.eyJwYXNzd29yZCI6IjEyMzQ1NiIsImVtYWlsIjoib3NoMjkzQG1haWwucnUiLCJ0aW1lIjoxNTQyNTYwMTc4fQ.S0MNJOomghDJglGfABcGZxD3SBEI-rNNXwaF7uQHELM', 0, 0, 0, NULL, '2018-11-18 16:56:18', '0000-00-00 00:00:00'),
(18, 18, 'eyJ0eXAiOiJKV1QiLCJhbGciOiJIUzI1NiJ9.eyJwYXNzd29yZCI6IjEyMzQ1NiIsImVtYWlsIjoieHh4QGJrLnJ1IiwidGltZSI6MTU0MjU2MjQyOX0.3yhBvne2BmwSDxNyOhSVlNFBG2DxWMZZvrok-lr_cvU', 0, 0, 0, NULL, '2018-11-18 17:33:49', '0000-00-00 00:00:00'),
(19, 19, 'eyJ0eXAiOiJKV1QiLCJhbGciOiJIUzI1NiJ9.eyJwYXNzd29yZCI6InRlc3QiLCJlbWFpbCI6InRlc3RAdGVzdC5ydSIsInRpbWUiOjE1NDI1Njg4NDl9.ellyHbgppulWaIyRa-KZ4DiaZTBcKv6-1VKOMI38smY', 0, 0, 0, NULL, '2018-11-18 19:20:49', '0000-00-00 00:00:00');

-- --------------------------------------------------------

--
-- Структура таблицы `permissions`
--

CREATE TABLE `permissions` (
  `perm_id` int(10) UNSIGNED NOT NULL,
  `perm_desc` varchar(50) NOT NULL
) ENGINE=MyISAM DEFAULT CHARSET=utf8;

--
-- Дамп данных таблицы `permissions`
--

INSERT INTO `permissions` (`perm_id`, `perm_desc`) VALUES
(1, 'postGet'),
(2, 'postInsert'),
(3, 'postDelete'),
(4, 'postDeleteAll'),
(5, 'postEdit'),
(6, 'postEditAll'),
(7, 'commentGet'),
(8, 'commentInsert'),
(9, 'commentDelete'),
(10, 'commentDeleteAll'),
(11, 'commentEdit'),
(12, 'commentEditAll'),
(13, 'commentGetAll'),
(14, 'commentChange');

-- --------------------------------------------------------

--
-- Структура таблицы `posts`
--

CREATE TABLE `posts` (
  `id` int(11) NOT NULL,
  `title` varchar(255) NOT NULL,
  `body` text NOT NULL,
  `author` int(11) NOT NULL,
  `status` int(1) NOT NULL DEFAULT '0',
  `created` datetime NOT NULL DEFAULT CURRENT_TIMESTAMP,
  `modified` datetime NOT NULL
) ENGINE=MyISAM DEFAULT CHARSET=utf8;

--
-- Дамп данных таблицы `posts`
--

INSERT INTO `posts` (`id`, `title`, `body`, `author`, `status`, `created`, `modified`) VALUES
(38, 'dsfsdfsd111', 'fsdfs111', 10, 1, '2018-11-18 19:47:26', '2018-11-18 19:47:51'),
(42, 'Тестовая новость', 'Тестируем', 19, 1, '2018-11-18 22:21:08', '0000-00-00 00:00:00'),
(34, 'Мартен Фуркад пожаловался на плохое финансирование сборной Франции Читать полностью: ', '&lt;div id=&quot;article_body&quot; itemprop=&quot;articleBody&quot; class=&quot;js-mediator-article&quot; data-io-article-url=&quot;https://sport.tut.by/news/biathlon/613928.html&quot;&gt;&lt;p&gt;&lt;strong&gt;Французский биатлонист Мартен Фуркад пожаловался на&amp;nbsp;плохое финансирование национальной сборной.&lt;/strong&gt;&lt;/p&gt;\n\n&lt;figure class=&quot;image-captioned&quot; style=&quot;width: 100%; max-width: 720px;&quot; data-resized=&quot;1&quot;&gt;&lt;img alt=&quot;Мартен Фуркад. Фото: biathlonworld.com&quot; border=&quot;0&quot; data-x-height=&quot;640&quot; data-x-src=&quot;https://dh.img.tyt.by/n/sport/0b/d/fourcade-martin-22-03-2018-1.jpg&quot; data-x-width=&quot;961&quot; data-y-height=&quot;479&quot; data-y-src=&quot;https://dh.img.tyt.by/720x720s/n/sport/0b/d/fourcade-martin-22-03-2018-1.jpg&quot; data-y-width=&quot;720&quot; data-zoom=&quot;1&quot; hspace=&quot;0&quot; src=&quot;https://dh.img.tyt.by/720x720s/n/sport/0b/d/fourcade-martin-22-03-2018-1.jpg&quot; title=&quot;Мартен Фуркад. Фото: biathlonworld.com&quot; vspace=&quot;0&quot; width=&quot;720&quot; data-resized=&quot;1&quot; style=&quot;width: 100%; max-width: 720px; cursor: pointer;&quot;&gt;\n&lt;figcaption&gt;Мартен Фуркад. Фото: biathlonworld.com&lt;/figcaption&gt;\n&lt;/figure&gt;\n\n&lt;p&gt;—&amp;nbsp;Мы&amp;nbsp;постоянно на&amp;nbsp;всем экономим. Бюджет французского биатлона около 900 тысяч евро. В&amp;nbsp;августе, например, мы&amp;nbsp;должны были лететь на&amp;nbsp;сборы в&amp;nbsp;Швецию, но&amp;nbsp;поездку отменили, потому что оказалось, что тренировки в&amp;nbsp;Преманоне обойдутся нам дешевле на&amp;nbsp;20&amp;nbsp;евро в&amp;nbsp;день на&amp;nbsp;каждого.&lt;/p&gt;\n\n&lt;p&gt;Еще мы&amp;nbsp;убрали физиопроцедуры на&amp;nbsp;первых трех сборах, сэкономив еще 150&amp;nbsp;евро в&amp;nbsp;день на&amp;nbsp;каждого. Эти деньги мы&amp;nbsp;потратили на&amp;nbsp;то, чтобы оплатить первый сбор на&amp;nbsp;снегу. Каждый год мы&amp;nbsp;продаем винтовки, чтобы оплатить тренировки.&lt;/p&gt;\n\n&lt;p&gt;На&amp;nbsp;сборе в&amp;nbsp;Норвегии федерация сказала нам, что мы&amp;nbsp;должны жить на&amp;nbsp;40−50&amp;nbsp;евро в&amp;nbsp;день каждый. Но&amp;nbsp;это невозможно! Мы&amp;nbsp;не&amp;nbsp;стали останавливаться в&amp;nbsp;отеле, а&amp;nbsp;спим в&amp;nbsp;коттеджах. Еду нам вообще готовит один друг, который согласился делать это бесплатно.&lt;/p&gt;\n\n&lt;p&gt;Все покупки делаем в&amp;nbsp;Италии, потому что там дешевле. Наш тренер сам из&amp;nbsp;Италии (&lt;em&gt;Патрик Фавр&lt;/em&gt;), он&amp;nbsp;загружает полный грузовик пасты и&amp;nbsp;везет ее&amp;nbsp;к&amp;nbsp;нам. Если честно, нам приходится иметь дело с&amp;nbsp;финансированием, которое не&amp;nbsp;соответствует нашим амбициям,&amp;nbsp;— рассказал &lt;a href=&quot;http://www.ski-nordique.net/martin-fourcade-fustige-le-manque-de-moyens.6162167-72348.html&quot; target=&quot;_blank&quot;&gt;Ski-Nordique&lt;/a&gt; Мартен Фуркад, который является 5-кратным олимпийским чемпионом и&amp;nbsp;7-кратным обладателем Кубка мира.&lt;/p&gt;&lt;div id=&quot;contentvast47813&quot; class=&quot;bannerAdfWrapper&quot; style=&quot;text-align: center;&quot;&gt;\n&lt;div id=&quot;contentvast&quot; style=&quot;margin: 0px auto; text-align: center; width: 560px; position: relative; overflow: hidden; opacity: 0; height: 0px; transform: initial; transition: height 2s cubic-bezier(0.2, 0.9, 0.79, 0.89) 0s, opacity 2s ease-out 0s;&quot;&gt;&lt;/div&gt;\n&lt;script type=&quot;text/javascript&quot;&gt;\n var RndNum4NoCash = Math.round(Math.random() * 1000000000);\n var Adriver_Native_Video_Params = {\n \n /* Native Video Parameters Start */\n ar_folder: \'https://bugaga.tut.by/attachments/46695/\',\n ar_VAST_link: \'https://ad.adriver.ru/cgi-bin/erle.cgi?sid=216636&amp;bn=1&amp;target=blank&amp;bt=61&amp;pz=0&amp;tuid=1&amp;rnd=\'+RndNum4NoCash,\n ar_MobileImgNameStart: \'1.png\',\n ar_MobileImgNameEnd: \'\',\n ar_MobilePlayStyle: 2,\n ar_iClickText: encodeURIComponent(\'ѕерейти на сайт рекламодател€€...\'),\n ar_width: 560,\n ar_height: 315,\n ar_open: 30,\n ar_close: 0,\n ar_speed: 2,\n ar_pix: \'\',\n ar_divid: \'contentvast\',\n ar_tag: \'\',\n ar_num: 13,\n /* Native Video Parameters End*/\n \n init: function(){var head=document.getElementsByTagName(\'head\')[0],s = document.createElement(\'script\');s.setAttribute(\'type\', \'text/javascript\');s.setAttribute(\'charset\', \'windows-1251\');s.setAttribute(\'src\', Adriver_Native_Video_Params.ar_folder+\'native.video.vast.ad.js\');s.onreadystatechange = function(){if(/loaded|complete/.test(this.readyState)){s.onload = null;Adriver_Native_Video.Native_Video(0);}};s.onload = function(e){if(head&amp;&amp;s) {Adriver_Native_Video.Native_Video(0);}};head.insertBefore(s, head.firstChild);}\n };\n Adriver_Native_Video_Params.init();\n&lt;/script&gt;&lt;script type=&quot;text/javascript&quot;&gt;try{TUTBYAdvAPI.adf_async().init({id:&quot;contentvast47813&quot;,destination:{id:\'article_body\',tag:\'p\',num:2}});} catch(e){}&lt;/script&gt;\n&lt;/div&gt;\n&lt;style&gt;&lt;/style&gt;&lt;div class=&quot;fotorama--hidden&quot;&gt;&lt;/div&gt;&lt;div class=&quot;fGallery autogenerated fotorama fotorama1542559498768&quot; style=&quot;position: absolute; bottom: 0px; left: 0px; width: 1px; height: 1px; display: none;&quot;&gt;&lt;div class=&quot;fotorama__wrap fotorama__wrap--css3 fotorama__wrap--slide&quot; style=&quot;width: 100%; min-width: 0px; max-width: 100%;&quot;&gt;&lt;div class=&quot;ftr-fullscreen ftr-fullscreen-0&quot;&gt;&lt;i class=&quot;f-icon icon-fs&quot;&gt;&lt;/i&gt;&lt;/div&gt;&lt;div class=&quot;fotorama__stage&quot; style=&quot;width: 100px; height: 480px;&quot;&gt;&lt;div class=&quot;fotorama__fullscreen-icon&quot; tabindex=&quot;0&quot; role=&quot;button&quot;&gt;&lt;/div&gt;&lt;div class=&quot;fotorama__stage__shaft&quot; style=&quot;transition-duration: 0ms; transform: translate3d(0px, 0px, 0px); width: 100px; margin-left: 0px;&quot;&gt;&lt;div class=&quot;fotorama__stage__frame fotorama__loaded fotorama__loaded--img fotorama__active&quot; style=&quot;left: 0px;&quot;&gt;&lt;img src=&quot;https://dh.img.tyt.by/n/sport/0b/d/fourcade-martin-22-03-2018-1.jpg&quot; class=&quot;fotorama__img&quot; style=&quot;width: 100px; height: 67px; left: 0px; top: 206px;&quot;&gt;&lt;div class=&quot;fotorama__caption&quot; style=&quot;left: 10px; top: 272.597px; width: 100px;&quot;&gt;&lt;div class=&quot;fotorama__caption__wrap&quot;&gt;Мартен Фуркад. Фото: biathlonworld.com&lt;/div&gt;&lt;/div&gt;&lt;/div&gt;&lt;/div&gt;&lt;div class=&quot;fotorama__arr fotorama__arr--prev fotorama__arr--disabled&quot; tabindex=&quot;-1&quot; role=&quot;button&quot; disabled=&quot;disabled&quot; style=&quot;display: none;&quot;&gt;&lt;span class=&quot;f-icon&quot;&gt;&lt;/span&gt;&lt;/div&gt;&lt;div class=&quot;fotorama__arr fotorama__arr--next fotorama__arr--disabled&quot; tabindex=&quot;-1&quot; role=&quot;button&quot; disabled=&quot;disabled&quot; style=&quot;display: none;&quot;&gt;&lt;span class=&quot;f-icon&quot;&gt;&lt;/span&gt;&lt;/div&gt;&lt;div class=&quot;fotorama__video-close&quot;&gt;&lt;/div&gt;&lt;/div&gt;&lt;div class=&quot;fotorama__idescription&quot;&gt;&lt;div class=&quot;fotorama__count&quot;&gt;&lt;span class=&quot;fotorama__count-current&quot;&gt;1&lt;/span&gt; из &lt;span class=&quot;fotorama__count-total&quot;&gt;1&lt;/span&gt;&lt;/div&gt;&lt;div class=&quot;fotorama__caption caption-0&quot;&gt;&lt;div class=&quot;fGallery__title&quot;&gt;Мартен Фуркад. Фото: biathlonworld.com&lt;/div&gt;&lt;/div&gt;&lt;/div&gt;&lt;/div&gt;&lt;/div&gt;&lt;/div&gt;', 10, 1, '2018-11-18 19:45:36', '0000-00-00 00:00:00');
INSERT INTO `posts` (`id`, `title`, `body`, `author`, `status`, `created`, `modified`) VALUES
(33, 'Белорусский биатлонист: Будешь 10 лет готовить ребенка, а его за год угробят и привезут россиянина', '&lt;div id=&quot;article_body&quot; itemprop=&quot;articleBody&quot; class=&quot;js-mediator-article&quot; data-io-article-url=&quot;https://sport.tut.by/news/biathlon/615483.html&quot;&gt;&lt;p&gt;&lt;strong&gt;В&amp;nbsp;интервью корреспонденту &lt;a href=&quot;http://by.tribuna.com&quot; target=&quot;_blank&quot;&gt;«Трибуны»&lt;/a&gt;&amp;nbsp;Андрею Масловскому биатлонист Александр Дорожко рассказал о&amp;nbsp;том, почему выпал из&amp;nbsp;основной команды Беларуси, вспомнил дебют в&amp;nbsp;Кубке мира и&amp;nbsp;объяснил, что мешает белорусскому биатлону развиваться.&lt;/strong&gt;&lt;/p&gt;\n\n&lt;figure class=&quot;image-captioned&quot; style=&quot;width: 100%; max-width: 720px;&quot; data-resized=&quot;1&quot;&gt;&lt;img alt=&quot;Фото: Белорусская федерация биатлона&quot; border=&quot;0&quot; data-x-height=&quot;768&quot; data-x-src=&quot;https://dh.img.tyt.by/n/sport/0d/8/dorozhko-1.jpg&quot; data-x-width=&quot;1152&quot; data-y-height=&quot;480&quot; data-y-src=&quot;https://dh.img.tyt.by/720x720s/n/sport/0d/8/dorozhko-1.jpg&quot; data-y-width=&quot;720&quot; data-zoom=&quot;1&quot; hspace=&quot;0&quot; src=&quot;https://dh.img.tyt.by/720x720s/n/sport/0d/8/dorozhko-1.jpg&quot; title=&quot;Фото: Белорусская федерация биатлона&quot; vspace=&quot;0&quot; width=&quot;720&quot; data-resized=&quot;1&quot; style=&quot;width: 100%; max-width: 720px; cursor: pointer;&quot;&gt;\n&lt;figcaption&gt;Фото: Белорусская федерация биатлона&lt;/figcaption&gt;\n&lt;/figure&gt;\n\n&lt;p&gt;В&amp;nbsp;начале ноября появилась информация о&amp;nbsp;том, что белорусский биатлонист Александр Дорожко завершил карьеру. Правда, спустя пару дней его отец&amp;nbsp;— биатлонный тренер Сергей Дорожко&amp;nbsp;— заявил, что это не&amp;nbsp;так: мол, сына не&amp;nbsp;включили в&amp;nbsp;первую команду, и&amp;nbsp;тот решил взять паузу. В&amp;nbsp;Кубке мира 27-летний спортсмен выступал нечасто и&amp;nbsp;основательно провел там лишь два сезона из&amp;nbsp;пяти на&amp;nbsp;взрослом уровне. В&amp;nbsp;сезоне-2013/14 минчанин занял 85-е место в&amp;nbsp;общем зачете, в&amp;nbsp;2015/16&amp;nbsp;— 56-е. Всего на&amp;nbsp;этапах Кубка мира у&amp;nbsp;Дорожко восемь попаданий в&amp;nbsp;очки. Лучший результат&amp;nbsp;— 21-е место спринта в&amp;nbsp;Кэнморе. В&amp;nbsp;Кубке IBU дела обстояли получше. В&amp;nbsp;активе биатлониста имеется бронза в&amp;nbsp;гонке преследования на&amp;nbsp;этапе в&amp;nbsp;Арбере.&lt;/p&gt;&lt;div id=&quot;contentvast47813&quot; class=&quot;bannerAdfWrapper&quot; style=&quot;text-align: center;&quot;&gt;\n&lt;div id=&quot;contentvast&quot; style=&quot;margin: 0px auto; text-align: center; width: 560px; position: relative; overflow: hidden; opacity: 0; height: 0px; transform: initial; transition: height 2s cubic-bezier(0.2, 0.9, 0.79, 0.89) 0s, opacity 2s ease-out 0s;&quot;&gt;&lt;/div&gt;\n&lt;script type=&quot;text/javascript&quot;&gt;\n var RndNum4NoCash = Math.round(Math.random() * 1000000000);\n var Adriver_Native_Video_Params = {\n \n /* Native Video Parameters Start */\n ar_folder: \'https://bugaga.tut.by/attachments/46695/\',\n ar_VAST_link: \'https://ad.adriver.ru/cgi-bin/erle.cgi?sid=216636&amp;bn=1&amp;target=blank&amp;bt=61&amp;pz=0&amp;tuid=1&amp;rnd=\'+RndNum4NoCash,\n ar_MobileImgNameStart: \'1.png\',\n ar_MobileImgNameEnd: \'\',\n ar_MobilePlayStyle: 2,\n ar_iClickText: encodeURIComponent(\'ѕерейти на сайт рекламодател€€...\'),\n ar_width: 560,\n ar_height: 315,\n ar_open: 30,\n ar_close: 0,\n ar_speed: 2,\n ar_pix: \'\',\n ar_divid: \'contentvast\',\n ar_tag: \'\',\n ar_num: 13,\n /* Native Video Parameters End*/\n \n init: function(){var head=document.getElementsByTagName(\'head\')[0],s = document.createElement(\'script\');s.setAttribute(\'type\', \'text/javascript\');s.setAttribute(\'charset\', \'windows-1251\');s.setAttribute(\'src\', Adriver_Native_Video_Params.ar_folder+\'native.video.vast.ad.js\');s.onreadystatechange = function(){if(/loaded|complete/.test(this.readyState)){s.onload = null;Adriver_Native_Video.Native_Video(0);}};s.onload = function(e){if(head&amp;&amp;s) {Adriver_Native_Video.Native_Video(0);}};head.insertBefore(s, head.firstChild);}\n };\n Adriver_Native_Video_Params.init();\n&lt;/script&gt;&lt;script type=&quot;text/javascript&quot;&gt;try{TUTBYAdvAPI.adf_async().init({id:&quot;contentvast47813&quot;,destination:{id:\'article_body\',tag:\'p\',num:2}});} catch(e){}&lt;/script&gt;\n&lt;/div&gt;\n\n&lt;p&gt;&lt;strong&gt;—&amp;nbsp;Давайте проясним ситуацию: вы&amp;nbsp;закончили карьеру или нет?&lt;/strong&gt;&lt;/p&gt;\n\n&lt;p&gt;—&amp;nbsp;Этот вопрос довольно-таки интересный. У&amp;nbsp;меня есть желание, силы и&amp;nbsp;стремление продолжать карьеру, но&amp;nbsp;нет никаких возможностей. К&amp;nbsp;прошлому сезону я&amp;nbsp;готовился с&amp;nbsp;моим личным тренером Анатолием Ивановичем Поляковым. Вместе со&amp;nbsp;мной работали Кристина Ильченко и&amp;nbsp;Дмитрий Абашев. Условия были уровня ДЮСШ, но, несмотря на&amp;nbsp;это, к&amp;nbsp;сезону мы&amp;nbsp;подготовились. Первые старты показали, что я&amp;nbsp;конкурентоспособен.&lt;/p&gt;\n\n&lt;p&gt;Тогда было четко оговорено: в&amp;nbsp;Шушене на&amp;nbsp;Гран-при (соревнования перед официальным стартом) будет отбор. Кто выступит хорошо&amp;nbsp;— поедет на&amp;nbsp;Кубок мира, остальные&amp;nbsp;— на&amp;nbsp;Кубок IBU до&amp;nbsp;Нового года, чтобы пройти адаптацию, войти в&amp;nbsp;сезон, набраться уверенности, проявить себя. Поляков полтора месяца обивал пороги кабинетов в&amp;nbsp;поисках спонсоров и&amp;nbsp;нашел-таки средства: поездку в&amp;nbsp;Норвегию оплатили город Минск и&amp;nbsp;БФСО «Динамо», а&amp;nbsp;транспорт предоставил Белорусский клуб биатлона. Спасибо им&amp;nbsp;большое за&amp;nbsp;поддержку.&lt;/p&gt;\n\n&lt;p&gt;Пробежали. Абашев&amp;nbsp;— лучший среди белорусов, я&amp;nbsp;— третий. Все. Должны ехать на&amp;nbsp;Кубок мира, но&amp;nbsp;нам говорят: «А&amp;nbsp;кто вам сказал, что это отбор?» И&amp;nbsp;тут&amp;nbsp;же меняют принцип ротации между Кубками. Раньше для того, чтобы из&amp;nbsp;Кубка IBU попасть в&amp;nbsp;Кубок мира, нужно было заехать в&amp;nbsp;топ-15, а&amp;nbsp;сделали, что если ты&amp;nbsp;старше 23, тебе нужно заехать в&amp;nbsp;десятку. И&amp;nbsp;это только даст право поехать на&amp;nbsp;следующий этап Кубка IBU! Более того, там [на Кубке IBU] у&amp;nbsp;нас не&amp;nbsp;было ни&amp;nbsp;сервисменов, ни&amp;nbsp;массажиста, ни&amp;nbsp;доктора. А&amp;nbsp;если приехал 11-м, 12-м и&amp;nbsp;так далее&amp;nbsp;— все. Можешь ехать на&amp;nbsp;этапы только за&amp;nbsp;свой счет. Как потом оказалось, за&amp;nbsp;свой счет выезжать тоже нельзя, а&amp;nbsp;личному тренеру было приказано вернуться в&amp;nbsp;Минск.&lt;/p&gt;\n\n&lt;p&gt;Но&amp;nbsp;это мы&amp;nbsp;узнали потом. Тогда&amp;nbsp;же остались в&amp;nbsp;Кубке IBU. В&amp;nbsp;паузе между первым и&amp;nbsp;вторым этапом поехали на&amp;nbsp;сбор в&amp;nbsp;Обертиллах на&amp;nbsp;высоту 1400 метров, чтобы подвестись к&amp;nbsp;следующим этапам, которые пройдут в&amp;nbsp;горах, но&amp;nbsp;уже без тренера, который вел всю подготовку. Началась акклиматизация. Первые дни организм сохраняет состояние за&amp;nbsp;счет своих резервов, а&amp;nbsp;когда они истощаются, начинает перестраиваться. Шесть дней мы&amp;nbsp;привыкали, работали. И&amp;nbsp;тут меня вызывают на&amp;nbsp;этап Кубка мира в&amp;nbsp;Хохфильцен. Ехать надо. Если откажешься, больше шансов не&amp;nbsp;дадут. Срываюсь и&amp;nbsp;попадаю на&amp;nbsp;высоту 800 метров. И&amp;nbsp;снова акклиматизация и&amp;nbsp;стресс для организма. В&amp;nbsp;такой ситуации показать результат очень сложно. А&amp;nbsp;еще и&amp;nbsp;нервы. Я&amp;nbsp;ведь понимал, что другого шанса не&amp;nbsp;будет. У&amp;nbsp;меня всю карьеру так. Стоило провести неудачную гонку на&amp;nbsp;Кубке мира, и&amp;nbsp;меня моментально оттуда убирали.&lt;/p&gt;\n\n&lt;p&gt;В&amp;nbsp;общем, я&amp;nbsp;дополнительно себя задавил ответственностью, и&amp;nbsp;результат не&amp;nbsp;получился (92-е место в&amp;nbsp;спринте. —&amp;nbsp;Tribuna.com). Да&amp;nbsp;он и&amp;nbsp;не&amp;nbsp;мог получиться. Я&amp;nbsp;когда уходил с&amp;nbsp;последнего рубежа, уже понимал: все, что выстраивалось годами, рушится как карточный домик. Меня возвращают назад в&amp;nbsp;Обертиллах, и&amp;nbsp;я&amp;nbsp;снова попадаю на&amp;nbsp;высоту в&amp;nbsp;полтора километра. И&amp;nbsp;снова акклиматизация.&lt;/p&gt;\n\n&lt;p&gt;Тем не&amp;nbsp;менее до&amp;nbsp;Нового года занимал в&amp;nbsp;Кубке IBU неплохие места и, считаю, по&amp;nbsp;спортивному принципу попадал на&amp;nbsp;предновогодний отбор на&amp;nbsp;вторую часть сезона. Но&amp;nbsp;нас отправили в&amp;nbsp;Минск, где две недели не&amp;nbsp;было снега. А&amp;nbsp;потом вывезли на&amp;nbsp;январский этап Кубка IBU. Перед стартом удалось провести на&amp;nbsp;снегу всего одну тренировку. В&amp;nbsp;таких условиях показать хороший результат невозможно. При переходе с&amp;nbsp;асфальта на&amp;nbsp;снег нужно провести три-четыре тренировки для адаптации техники. В&amp;nbsp;итоге все «минчане» проиграли самим себе очень много. И&amp;nbsp;сразу после первой гонки нам было доведено, что по&amp;nbsp;завершении этапа все возвращаются домой. Даже молодые ребята, которые неплохо себя проявили и&amp;nbsp;должны были&amp;nbsp;бы набираться опыта. Всех вернули в&amp;nbsp;Раубичи. Причем официально нас вернули из-за экономии средств. Но&amp;nbsp;это не&amp;nbsp;экономия. Я&amp;nbsp;выезжал за&amp;nbsp;свой счет, Кривко&amp;nbsp;— за&amp;nbsp;счет Витебской области, другие ребята&amp;nbsp;— за&amp;nbsp;счет РЦОП «Раубичи». Федерация оплачивала только материалы для подготовки лыж и&amp;nbsp;транспорт&amp;nbsp;— один микроавтобус, но&amp;nbsp;решила, что нам там нечего делать даже за&amp;nbsp;свой счет. Абсурдная ситуация: люди имеют желание и&amp;nbsp;имеют возможности не&amp;nbsp;тратить средства БФБ, но&amp;nbsp;нельзя. Так с&amp;nbsp;13&amp;nbsp;января команда Беларуси на&amp;nbsp;Кубке IBU не&amp;nbsp;выступала.&lt;/p&gt;\n\n&lt;p&gt;&lt;strong&gt;—&amp;nbsp;Пытались узнать, в&amp;nbsp;чем причина подобного отношения и&amp;nbsp;кто это придумал?&lt;/strong&gt;&lt;/p&gt;\n\n&lt;p&gt;—&amp;nbsp;Напрямую никто ничего не&amp;nbsp;говорил. Все подается как оптимизация средств. Но&amp;nbsp;это прикрытие. С&amp;nbsp;января я&amp;nbsp;сидел дома и&amp;nbsp;не&amp;nbsp;выезжал на&amp;nbsp;соревнования. А&amp;nbsp;в&amp;nbsp;конце марта мне позвонили и&amp;nbsp;сказали, что со&amp;nbsp;мной прекращают трудовые отношения. И&amp;nbsp;после этого с&amp;nbsp;федерацией я&amp;nbsp;не&amp;nbsp;контактировал. Пытаться требовать объяснений бесполезно.&lt;/p&gt;\n\n&lt;p&gt;&lt;strong&gt;—&amp;nbsp;Чтобы поехать на&amp;nbsp;Кубок IBU, вы&amp;nbsp;искали деньги самостоятельно. Насколько трудно было это делать?&lt;/strong&gt;&lt;/p&gt;\n\n&lt;p&gt;—&amp;nbsp;Времени не&amp;nbsp;было устраивать масштабные поиски. Готов был тратить свои личные сбережения. Но&amp;nbsp;вообще найти деньги несложно. Вопрос в&amp;nbsp;другом: если привлекаешь частный капитал, нельзя просто прийти к&amp;nbsp;бизнесмену и&amp;nbsp;сказать: «Дайте денег!» Надо предложить что-то взамен. Я&amp;nbsp;могу только рекламу&amp;nbsp;— размещение логотипов на&amp;nbsp;винтовке и&amp;nbsp;экипировке. Но&amp;nbsp;сейчас такое правило, что напрямую со&amp;nbsp;спонсором спортсмен не&amp;nbsp;может заключить контракт. Все только через федерацию, которая сама решает, как распоряжаться деньгами.&lt;/p&gt;\n\n&lt;p&gt;Но&amp;nbsp;и&amp;nbsp;это еще не&amp;nbsp;все. Допустим, я&amp;nbsp;нашел человека, который мне подарит деньги на&amp;nbsp;подготовку. Но&amp;nbsp;риск повторения прошлого сезона, когда мне просто запретят выезд, существует. И&amp;nbsp;ради чего я&amp;nbsp;буду брать у&amp;nbsp;человека деньги? Чтобы просто потренироваться? Пусть он&amp;nbsp;лучше их&amp;nbsp;потратит на&amp;nbsp;что-то другое. Мне совесть не&amp;nbsp;позволит просто так взять деньги и&amp;nbsp;сидеть в&amp;nbsp;Раубичах без цели.&lt;/p&gt;\n\n&lt;p&gt;&lt;strong&gt;—&amp;nbsp;Во&amp;nbsp;сколько обходится один этап?&lt;/strong&gt;&lt;/p&gt;\n\n&lt;p&gt;—&amp;nbsp;В&amp;nbsp;Осрбли в&amp;nbsp;сутки за&amp;nbsp;проживание отдал 50&amp;nbsp;евро, в&amp;nbsp;Арбере&amp;nbsp;— 24. Питался самостоятельно: покупал в&amp;nbsp;магазине макароны, мясо и&amp;nbsp;готовил. Спасал Family Club&amp;nbsp;— питание для спортсменов на&amp;nbsp;стадионе во&amp;nbsp;время соревнований. Я&amp;nbsp;там обедал, ужинал и&amp;nbsp;набирал с&amp;nbsp;собой чего-нибудь на&amp;nbsp;вечер и&amp;nbsp;утро. На&amp;nbsp;первые два январских этапа ушло порядка 600&amp;nbsp;евро. Что интересно, за&amp;nbsp;свой счет ездили Чепелин, Бочарников, Кривко и&amp;nbsp;Абашев. Я&amp;nbsp;еще понимаю, когда тебя просят поехать за&amp;nbsp;свои деньги, но&amp;nbsp;при этом платят зарплату. Но&amp;nbsp;Абашев вообще никаких денег не&amp;nbsp;получал. Это абсурд! Подготовься за&amp;nbsp;свой счет, съезди за&amp;nbsp;свой счет, выступи, а&amp;nbsp;потом тебя [журналист «Спортивной панорамы» Руслан] Васильев за&amp;nbsp;неудачные результаты в&amp;nbsp;прессе помоями обольет. Это неприятно.&lt;/p&gt;\n\n&lt;figure class=&quot;image-captioned&quot; style=&quot;width: 100%; max-width: 720px;&quot; data-resized=&quot;1&quot;&gt;&lt;img alt=&quot;Фото: biathlon.by&quot; border=&quot;0&quot; data-zoom=&quot;1&quot; hspace=&quot;0&quot; src=&quot;https://dh.img.tyt.by/n/sport/08/f/dorozhko-2.jpg&quot; title=&quot;Фото: biathlon.by&quot; vspace=&quot;0&quot; width=&quot;720&quot; data-resized=&quot;1&quot; style=&quot;width: 100%; max-width: 720px; cursor: pointer;&quot;&gt;\n&lt;figcaption&gt;Александр Дорожко&amp;nbsp;— на&amp;nbsp;подиуме в&amp;nbsp;Арбере. Фото: biathlon.by&lt;/figcaption&gt;\n&lt;/figure&gt;\n\n&lt;p&gt;&lt;strong&gt;—&amp;nbsp;Но&amp;nbsp;Абашев ведь согласился на&amp;nbsp;такие условия.&lt;/strong&gt;&lt;/p&gt;\n\n&lt;p&gt;—&amp;nbsp;Конечно. Спортсмены&amp;nbsp;— немножко шизанутые люди. У&amp;nbsp;нас мечты, стремления, самореализация. И&amp;nbsp;пока была надежда нормального отбора на&amp;nbsp;Олимпиаду, все цеплялись за&amp;nbsp;малейший шанс. Но&amp;nbsp;в&amp;nbsp;итоге поехал человек, занявший на&amp;nbsp;чемпионате Европы 70-е место. Говорили, что в&amp;nbsp;Корею повезли молодежь для того, чтобы она набиралась опыта. Но&amp;nbsp;ведь Олимпиада&amp;nbsp;— не&amp;nbsp;тот старт, где нужно набираться опыта.&lt;/p&gt;\n\n&lt;p&gt;&lt;strong&gt;—&amp;nbsp;Значит, посчитали, что молодые пробегут не&amp;nbsp;хуже.&lt;/strong&gt;&lt;/p&gt;\n\n&lt;p&gt;—&amp;nbsp;В&amp;nbsp;итоге так и&amp;nbsp;получилось&amp;nbsp;— молодые и&amp;nbsp;пробежали хорошо, и&amp;nbsp;стреляли неплохо. Проблема в&amp;nbsp;том, как они туда попали. Просто, понимаете, в&amp;nbsp;чем «фишка»: когда я&amp;nbsp;ехал в&amp;nbsp;Сочи, говорилось то&amp;nbsp;же&amp;nbsp;самое. Обстреливаем молодых. Перед Ванкувером&amp;nbsp;— тоже. Всегда одно и&amp;nbsp;то&amp;nbsp;же: молодая команда, с&amp;nbsp;которой будем работать на&amp;nbsp;перспективу, и&amp;nbsp;все будет замечательно. Но&amp;nbsp;выхлоп нулевой. Качественного скачка не&amp;nbsp;происходит. Который год&amp;nbsp;— топтание на&amp;nbsp;месте. 15-е место в&amp;nbsp;Кубке наций, и&amp;nbsp;никаких подвижек. В&amp;nbsp;23 года спортсмен молодой, а&amp;nbsp;когда ему исполняется 25, его потихонечку отодвигают и&amp;nbsp;берут нового молодого. Это хорошая схема.&lt;/p&gt;\n\n&lt;p&gt;&lt;strong&gt;—&amp;nbsp;Что вы&amp;nbsp;делали после увольнения?&lt;/strong&gt;&lt;/p&gt;\n\n&lt;p&gt;—&amp;nbsp;Начал искать другие пути продолжения карьеры. Был разговор с&amp;nbsp;лыжниками. Я&amp;nbsp;пробежал чемпионат страны и&amp;nbsp;понял, что могу конкурировать с&amp;nbsp;ними на&amp;nbsp;длинных коньковых дистанциях&amp;nbsp;— свыше 30 километров. Лыжники меня брали, но&amp;nbsp;сразу сказали, что в&amp;nbsp;сборную попаду только через год. Их&amp;nbsp;логика понятна, но&amp;nbsp;меня не&amp;nbsp;совсем устроила. Искал биатлонные варианты за&amp;nbsp;рубежом. В&amp;nbsp;странах&amp;nbsp;ЕС очень сложный вопрос с&amp;nbsp;получением гражданства. Во&amp;nbsp;мне были заинтересованы некоторые страны СНГ, но&amp;nbsp;без конкретики. Конкретно предлагали регионы из&amp;nbsp;России, но&amp;nbsp;— участие в&amp;nbsp;соревнованиях только по&amp;nbsp;России. Фактически это походило&amp;nbsp;бы на&amp;nbsp;поддержание формы в&amp;nbsp;надежде, что в&amp;nbsp;Минске что-то изменится. Я&amp;nbsp;бы&amp;nbsp;использовал людей. Для меня это не&amp;nbsp;совсем корректная ситуация.&lt;/p&gt;\n\n&lt;p&gt;Одновременно на&amp;nbsp;меня вышли представители кафедры БНТУ и&amp;nbsp;предложили заняться научно-исследовательской деятельностью. Расценил, что это хороший вариант: я&amp;nbsp;дома, могу тренироваться, плюс смогу пробежать Универсиаду и, если повезет, попасть на&amp;nbsp;Всемирную Универсиаду. Поступил в&amp;nbsp;магистратуру и&amp;nbsp;пишу работу по&amp;nbsp;оценке мощности движения лыжного хода. В&amp;nbsp;основном у&amp;nbsp;нас анализ техники идет по&amp;nbsp;видео, а&amp;nbsp;количественные характеристики никто не&amp;nbsp;замеряет. А&amp;nbsp;они важны. Какие усилия прикладывают спортсмены, как они трансформируются в&amp;nbsp;скорость и&amp;nbsp;так далее. И, анализируя зарубежные работы, понимаю, что мир ушел от&amp;nbsp;нас в&amp;nbsp;научно-методическом обеспечении лет на&amp;nbsp;20. Поэтому решил так: раз во&amp;nbsp;мне федерация не&amp;nbsp;заинтересована в&amp;nbsp;качестве спортсмена, то&amp;nbsp;попробую помочь биатлону как исследователь в&amp;nbsp;этой области.&lt;/p&gt;\n\n&lt;p&gt;&lt;strong&gt;—&amp;nbsp;Тренируетесь?&lt;/strong&gt;&lt;/p&gt;\n\n&lt;p&gt;—&amp;nbsp;Летом, пока искал варианты, работал по&amp;nbsp;полной. Но&amp;nbsp;сейчас просто поддерживаю форму&amp;nbsp;— по&amp;nbsp;сути, это процентов 10 от&amp;nbsp;должного. Подрабатываю тренером по&amp;nbsp;биатлону и&amp;nbsp;тренируюсь вместе с&amp;nbsp;ребятами. Две группы за&amp;nbsp;день&amp;nbsp;— организм нагрузку получил. Чтобы набрать форму, надо месяца четыре. Чтобы показывать хорошие результаты&amp;nbsp;— месяцев восемь.&lt;/p&gt;\n\n&lt;p&gt;&lt;strong&gt;—&amp;nbsp;Хватает на&amp;nbsp;жизнь?&lt;/strong&gt;&lt;/p&gt;\n\n&lt;p&gt;—&amp;nbsp;Тренеры у&amp;nbsp;нас много не&amp;nbsp;зарабатывают. Если ты&amp;nbsp;без категории и&amp;nbsp;наберешь 36 часов в&amp;nbsp;неделю, то&amp;nbsp;это будет 550 рублей.&lt;/p&gt;\n\n&lt;p&gt;***&lt;/p&gt;\n\n&lt;p&gt;&lt;strong&gt;—&amp;nbsp;Вы&amp;nbsp;работали с&amp;nbsp;личным тренером. Это…&lt;/strong&gt;&lt;/p&gt;\n\n&lt;p&gt;—&amp;nbsp;Особенность системы. С&amp;nbsp;недавних пор у&amp;nbsp;нас просто отсутствует команда «Б», где тренируются спортсмены второго эшелона. Есть юниорская команда и&amp;nbsp;есть основная, а&amp;nbsp;промежуточного звена нет. И&amp;nbsp;получается, что за&amp;nbsp;основой биатлона не&amp;nbsp;существует.&lt;/p&gt;\n\n&lt;p&gt;&lt;strong&gt;—&amp;nbsp;Такая ситуация ведь недавно?&lt;/strong&gt;&lt;/p&gt;\n\n&lt;p&gt;—&amp;nbsp;Я в&amp;nbsp;«системе» с&amp;nbsp;2008 года. Тогда была четкая структура: юноши&amp;nbsp;— юниоры&amp;nbsp;— команда «Б»&amp;nbsp;— команда «А». Каждая из&amp;nbsp;этих команд решала свои задачи. Сейчас команды «Б» нет, и&amp;nbsp;после «выпуска» из&amp;nbsp;юниоров у&amp;nbsp;спортсмена два пути. Если ты, будучи юниором, показал результат&amp;nbsp;— завоевал личную медаль на&amp;nbsp;чемпионатах мира,&amp;nbsp;— то&amp;nbsp;попадаешь прямиком в&amp;nbsp;главную команду. Если нет&amp;nbsp;— остаешься без зарплаты, сборов и&amp;nbsp;условий. После того как ты&amp;nbsp;попал в&amp;nbsp;первую команду, главная задача&amp;nbsp;— из&amp;nbsp;нее не&amp;nbsp;вылететь. Если вылетаешь&amp;nbsp;— лишаешься всего.&lt;/p&gt;\n\n&lt;p&gt;&lt;strong&gt;—&amp;nbsp;При каких обстоятельствах можно вылететь? Быть абсолютно худшим, ни&amp;nbsp;разу не&amp;nbsp;попасть в&amp;nbsp;очки?&lt;/strong&gt;&lt;/p&gt;\n\n&lt;p&gt;—&amp;nbsp;Критерии неопределенные и&amp;nbsp;постоянно меняются. Например, показатель максимального потребления кислорода (МПК). Перед прошлым сезоном я&amp;nbsp;сдавал тесты, мои показатели&amp;nbsp;— 80 миллилитров на&amp;nbsp;килограмм веса в&amp;nbsp;минуту. Для сравнения, у&amp;nbsp;лидеров мирового биатлона&amp;nbsp;— 86−88. По&amp;nbsp;Беларуси это был лучший показатель, но&amp;nbsp;это никого не&amp;nbsp;интересовало. Потом&amp;nbsp;— стрельба. В&amp;nbsp;сборной стрелков нет. И&amp;nbsp;на&amp;nbsp;уровне команды мои показатели хорошие, но… Результаты? В&amp;nbsp;чемпионате Беларуси мое худшее место&amp;nbsp;— второе. На&amp;nbsp;первом этапе Кубка IBU в&amp;nbsp;прошлом сезоне я&amp;nbsp;взял 9-е и&amp;nbsp;12-е места. Такой&amp;nbsp;же результат повторили только Абашев, которого также в&amp;nbsp;сборной нет, и&amp;nbsp;Чепелин. Спортивный результат абсолютно неважен.&lt;/p&gt;\n\n&lt;p&gt;Сейчас приехали легионеры, и&amp;nbsp;белорусы с&amp;nbsp;ними уже не&amp;nbsp;в&amp;nbsp;равных условиях. Это ситуация с&amp;nbsp;Ануфриевой. Настя видела, что не&amp;nbsp;будет даже шанса на&amp;nbsp;то, что они приедут на&amp;nbsp;чемпионат республики и&amp;nbsp;там пройдут отбор в&amp;nbsp;национальную команду. И&amp;nbsp;даже если такое случится и&amp;nbsp;ты&amp;nbsp;окажешься сильнее, тебе скажут: «А&amp;nbsp;это не&amp;nbsp;отбор».&lt;/p&gt;\n\n&lt;p&gt;&lt;strong&gt;—&amp;nbsp;Как познакомились со&amp;nbsp;своим тренером Анатолием Поляковым?&lt;/strong&gt;&lt;/p&gt;\n\n&lt;p&gt;—&amp;nbsp;Началось все в&amp;nbsp;2015-м в&amp;nbsp;первый приход Владимира Королькевича. Я&amp;nbsp;был в&amp;nbsp;команде, но&amp;nbsp;из-за травмы голеностопа сезон вышел неудачным. Летом за&amp;nbsp;меня некому было заступиться, и&amp;nbsp;меня выкинули, а&amp;nbsp;взамен взяли Бочарникова. Олег Рыженков предложил готовиться с&amp;nbsp;юниорами. Но&amp;nbsp;обычно это делают для того, чтобы юниоров натаскать. Парни прогрессируют, а&amp;nbsp;«старик» остается на&amp;nbsp;месте. Я&amp;nbsp;не&amp;nbsp;захотел такого развития событий. Я&amp;nbsp;еще хотел себя реализовать. Вскоре на&amp;nbsp;меня вышел Поляков. Он&amp;nbsp;шокировал тем, что выдал полную аналитику обо мне за&amp;nbsp;последние 5 лет. Там даже было то, чего не&amp;nbsp;было у&amp;nbsp;меня.&lt;/p&gt;\n\n&lt;figure class=&quot;image-captioned&quot; style=&quot;width: 100%; max-width: 720px;&quot; data-resized=&quot;1&quot;&gt;&lt;img alt=&quot;Анатолий Поляков. Фото: Денис Костюченко&quot; border=&quot;0&quot; data-x-height=&quot;682&quot; data-x-src=&quot;https://dh.img.tyt.by/n/sport/0f/0/polyakov-anatoly-1.jpg&quot; data-x-width=&quot;1024&quot; data-y-height=&quot;479&quot; data-y-src=&quot;https://dh.img.tyt.by/720x720s/n/sport/0f/0/polyakov-anatoly-1.jpg&quot; data-y-width=&quot;720&quot; data-zoom=&quot;1&quot; hspace=&quot;0&quot; src=&quot;https://dh.img.tyt.by/720x720s/n/sport/0f/0/polyakov-anatoly-1.jpg&quot; title=&quot;Анатолий Поляков. Фото: Денис Костюченко&quot; vspace=&quot;0&quot; width=&quot;720&quot; data-resized=&quot;1&quot; style=&quot;width: 100%; max-width: 720px; cursor: pointer;&quot;&gt;\n&lt;figcaption&gt;Анатолий Поляков. Фото: Денис Костюченко&lt;/figcaption&gt;\n&lt;/figure&gt;\n\n&lt;p&gt;&lt;strong&gt;—&amp;nbsp;Что именно?&lt;/strong&gt;&lt;/p&gt;\n\n&lt;p&gt;—&amp;nbsp;Да&amp;nbsp;все! Какой был выполнен объем, в&amp;nbsp;какое время и&amp;nbsp;как это сказалось на&amp;nbsp;результатах. На&amp;nbsp;каких трассах я&amp;nbsp;могу хорошо бежать, а&amp;nbsp;на&amp;nbsp;каких не&amp;nbsp;могу.&lt;/p&gt;\n\n&lt;p&gt;&lt;strong&gt;—&amp;nbsp;Откуда эти данные у&amp;nbsp;него?&lt;/strong&gt;&lt;/p&gt;\n\n&lt;p&gt;—&amp;nbsp;Я&amp;nbsp;долгое время был конкурентом его Димы Будиловича, который сейчас трудится с&amp;nbsp;паралимпийцами. И&amp;nbsp;Поляков собирал информацию, анализировал и&amp;nbsp;готовил Диму. Меня всегда подкупало, что при нулевых условиях подготовки Будилович постоянно обыгрывал нас на&amp;nbsp;чемпионатах республики. Причем выигрывал четыре гонки из&amp;nbsp;четырех.&lt;/p&gt;\n\n&lt;p&gt;В&amp;nbsp;общем, Поляков предложил реальную стратегию с&amp;nbsp;учетом моих особенностей. Сборы были в&amp;nbsp;гостинице «Динамо», питание закрывал город. Стрелковых тренировок было мало&amp;nbsp;— около четырех в&amp;nbsp;месяц. Патронами иногда помогал [Александр] Сыман. Да&amp;nbsp;и&amp;nbsp;со стороны руководства федерации была какая-то заинтересованность: поддерживали, помогали.&lt;/p&gt;\n\n&lt;p&gt;Но&amp;nbsp;все изменилось, как только я&amp;nbsp;стал показывать результаты. На&amp;nbsp;первый этап Кубка IBU приехали и&amp;nbsp;мы, и&amp;nbsp;сборники. Все условия были для них: лучшие места в&amp;nbsp;квотах и&amp;nbsp;так далее. В&amp;nbsp;итоге я&amp;nbsp;в&amp;nbsp;спринте 4-й и&amp;nbsp;лучший из&amp;nbsp;наших. На&amp;nbsp;следующем этапе за&amp;nbsp;день до&amp;nbsp;старта говорят: лыжи тебе мазать никто не&amp;nbsp;будет, так как смазка, станок и&amp;nbsp;утюжок&amp;nbsp;— имущество сборной, а&amp;nbsp;ты&amp;nbsp;не в&amp;nbsp;ней.&lt;/p&gt;\n\n&lt;p&gt;&lt;strong&gt;—&amp;nbsp;Серьезно?&lt;/strong&gt;&lt;/p&gt;\n\n&lt;p&gt;—&amp;nbsp;Ну&amp;nbsp;да. Королькевичу были созданы все условия для подготовки, а&amp;nbsp;тут какие-то парни с&amp;nbsp;непонятным тренером побеждают. Такого допускать нельзя. Ну, ничего. Мой тренер сходил к&amp;nbsp;россиянам и&amp;nbsp;украинцам и&amp;nbsp;выведал у&amp;nbsp;них, чем мажут. Купили, натерли лыжи, и&amp;nbsp;я&amp;nbsp;приехал 7-м в&amp;nbsp;спринте, а&amp;nbsp;через день 5-м в&amp;nbsp;пасьюте. Уже не&amp;nbsp;отвертишься&amp;nbsp;— надо брать на&amp;nbsp;Кубок мира.&lt;/p&gt;\n\n&lt;p&gt;Но&amp;nbsp;в&amp;nbsp;Поклюке меня просто не&amp;nbsp;замечали. Королькевич и&amp;nbsp;Цыбульский со&amp;nbsp;мной даже не&amp;nbsp;здоровались. Иду по&amp;nbsp;коридору, навстречу&amp;nbsp;— Королькевич: проходит мимо, делая вид, что меня нет. В&amp;nbsp;гонке становлюсь лучшим из&amp;nbsp;белорусов (27-е место в&amp;nbsp;спринте. —&amp;nbsp;Tribuna.com)&amp;nbsp;— он&amp;nbsp;в&amp;nbsp;вакс-кабинке обнимает: «Какой молодец! Поздравляю!» Но&amp;nbsp;на&amp;nbsp;следующий этап&amp;nbsp;КМ я&amp;nbsp;не&amp;nbsp;еду. Зато еду через один в&amp;nbsp;Рупольдинг, где из-за особенностей трассы никогда не&amp;nbsp;мог и&amp;nbsp;не&amp;nbsp;смогу показать результат. Более того, заявляют меня на&amp;nbsp;«индивидуалку», которую я&amp;nbsp;бежать не&amp;nbsp;умею. Да&amp;nbsp;еще и&amp;nbsp;в&amp;nbsp;первую группу в&amp;nbsp;снегопад, чтобы месил снег. А&amp;nbsp;потом руки разводят: «Ты&amp;nbsp;у&amp;nbsp;нас по&amp;nbsp;рейтингу первый. Вот мы&amp;nbsp;тебя в&amp;nbsp;первую группу и&amp;nbsp;заявили». А&amp;nbsp;то, что все команды сильных заявляли в&amp;nbsp;третью или четвертую группы,&amp;nbsp;— наплевать. В&amp;nbsp;итоге пробежал я&amp;nbsp;плохо (92-е место. —&amp;nbsp;Tribuna.com), и&amp;nbsp;меня списали в&amp;nbsp;Кубок IBU.&lt;/p&gt;\n\n&lt;p&gt;Но&amp;nbsp;там я&amp;nbsp;продолжил регулярно заезжать в&amp;nbsp;цветы, а&amp;nbsp;в&amp;nbsp;преследовании стал третьим, и&amp;nbsp;меня пришлось поднять. В&amp;nbsp;Канаде показываю лучший результат в&amp;nbsp;карьере [на Кубках мира] (21-е место в&amp;nbsp;спринте. —&amp;nbsp;Tribuna.com) и&amp;nbsp;отбираюсь на&amp;nbsp;чемпионат мира, где становлюсь вторым среди белорусов в&amp;nbsp;спринте. Однако после этого меня не&amp;nbsp;хотят брать в&amp;nbsp;Ханты-Мансийск на&amp;nbsp;последний этап&amp;nbsp;КМ. Говорят про длинный сезон, усталость и&amp;nbsp;все такое. Спас меня Юра Лядов, который отказался от&amp;nbsp;поездки в&amp;nbsp;мою пользу, и&amp;nbsp;меня пришлось взять.&lt;/p&gt;\n\n&lt;p&gt;Целый сезон шел постоянный поиск того, как сделать мне хуже. Понимаете, когда спортсмен не&amp;nbsp;из&amp;nbsp;сборной начинает обыгрывать членов команды, это нарушение субординации. Этого делать нельзя! В&amp;nbsp;сборную приглашается серьезный тренер, которому платят серьезные деньги, и&amp;nbsp;вдруг поражения. Поэтому лучше всю конкуренцию для сборной убрать.&lt;/p&gt;\n\n&lt;figure class=&quot;image-captioned&quot; style=&quot;width: 100%; max-width: 720px;&quot; data-resized=&quot;1&quot;&gt;&lt;img alt=&quot;Фото: Белорусская федерация биатлона&quot; border=&quot;0&quot; data-x-height=&quot;768&quot; data-x-src=&quot;https://dh.img.tyt.by/n/sport/01/0/dorozhko-3.jpg&quot; data-x-width=&quot;1152&quot; data-y-height=&quot;480&quot; data-y-src=&quot;https://dh.img.tyt.by/720x720s/n/sport/01/0/dorozhko-3.jpg&quot; data-y-width=&quot;720&quot; data-zoom=&quot;1&quot; hspace=&quot;0&quot; src=&quot;https://dh.img.tyt.by/720x720s/n/sport/01/0/dorozhko-3.jpg&quot; title=&quot;Фото: Белорусская федерация биатлона&quot; vspace=&quot;0&quot; width=&quot;720&quot; data-resized=&quot;1&quot; style=&quot;width: 100%; max-width: 720px; cursor: pointer;&quot;&gt;\n&lt;figcaption&gt;Фото: Белорусская федерация биатлона&lt;/figcaption&gt;\n&lt;/figure&gt;\n\n&lt;p&gt;&lt;strong&gt;—&amp;nbsp;В&amp;nbsp;этот период у&amp;nbsp;вас был отрезок, когда вы&amp;nbsp;месяц тренировались в&amp;nbsp;Мурманске в&amp;nbsp;полном одиночестве?&lt;/strong&gt;&lt;/p&gt;\n\n&lt;p&gt;—&amp;nbsp;Это было чуть раньше&amp;nbsp;— перед Играми в&amp;nbsp;Сочи, когда Рыженков подтянул к&amp;nbsp;команде. Изменились правила пребывания в&amp;nbsp;Шенгене. Шла финальная подготовка к&amp;nbsp;сезону, а&amp;nbsp;у&amp;nbsp;нас всех перебор по&amp;nbsp;дням. Для основной команды вопрос как-то уладили, а&amp;nbsp;меня сперва оперативно выслали домой, а&amp;nbsp;потом отправили на&amp;nbsp;месяц тренироваться в&amp;nbsp;Мурманск.&lt;/p&gt;\n\n&lt;p&gt;Приехал без винтовки и&amp;nbsp;занимался только лыжной подготовкой по&amp;nbsp;плану, который сбросил Рыженков. На&amp;nbsp;месте самостоятельно организовывал питание и&amp;nbsp;оплату трассы. Это была проверка моего профессионализма. Я&amp;nbsp;же&amp;nbsp;мог валять дурака, но&amp;nbsp;я&amp;nbsp;этого не&amp;nbsp;делал. У&amp;nbsp;меня цель и&amp;nbsp;мечта&amp;nbsp;— отобраться в&amp;nbsp;Сочи. Очень прибивала полярная ночь. Это отвратительно. Встаешь&amp;nbsp;— темно, 9 утра&amp;nbsp;— темно, 10 утра и&amp;nbsp;нужно идти на&amp;nbsp;тренировку&amp;nbsp;— темно, отбегал&amp;nbsp;— светает. В&amp;nbsp;три часа дня выходишь на&amp;nbsp;вторую тренировку&amp;nbsp;— снова темно. Ну&amp;nbsp;и&amp;nbsp;одиночество. Месяц жил один в&amp;nbsp;незнакомом городе.&lt;/p&gt;\n\n&lt;p&gt;&lt;strong&gt;—&amp;nbsp;Вас отправили готовиться к&amp;nbsp;сезону без стрелковых тренировок?&lt;/strong&gt;&lt;/p&gt;\n\n&lt;p&gt;—&amp;nbsp;Да, но&amp;nbsp;иногда пауза без оружия идет в&amp;nbsp;плюс. Часто в&amp;nbsp;стрельбе возникают системные ошибки. Действия на&amp;nbsp;тренировках доведены до&amp;nbsp;автоматизма, и&amp;nbsp;что-то поправить очень трудно. Бьорндален в&amp;nbsp;своей книге писал, что во&amp;nbsp;время подготовки к&amp;nbsp;Солт-Лейк-Сити отложил на&amp;nbsp;некоторое время винтовку в&amp;nbsp;сторону и&amp;nbsp;работал без стрельбы. А&amp;nbsp;потом как&amp;nbsp;бы заново учился делать все правильно. Что-то подобное случилось и&amp;nbsp;со&amp;nbsp;мной. После возвращения свой этап эстафеты в&amp;nbsp;Антхольце пробежал с&amp;nbsp;нулем и&amp;nbsp;всего одним дополнительным патроном при скорострельности в&amp;nbsp;20−25 секунд на&amp;nbsp;рубеж. Это топовый результат.&lt;/p&gt;\n\n&lt;p&gt;После Мурманска случился мой дебют на&amp;nbsp;Кубке мира. Вернулся в&amp;nbsp;Беларусь и&amp;nbsp;готовился на&amp;nbsp;смеси снега, грязи и&amp;nbsp;листьев в&amp;nbsp;Медвежино. 30&amp;nbsp;декабря звонит Рыженков: «31-го едешь в&amp;nbsp;Оберхоф. Запасным». Меня вызвали потому, что у&amp;nbsp;Владимира Аленишко появились проблемы со&amp;nbsp;здоровьем, из-за которых он&amp;nbsp;позже закончил карьеру. Как приехал, мне сразу: «Походи, посмотри, изучи все». Дали понять, что я&amp;nbsp;бежать не&amp;nbsp;буду. Но&amp;nbsp;утром в&amp;nbsp;день старта в&amp;nbsp;номер заходит Юра Лядов и&amp;nbsp;прибивает: «Готовься. Я&amp;nbsp;заболел». Шок. Это&amp;nbsp;же Оберхоф! Выхожу на&amp;nbsp;пристрелку и&amp;nbsp;из-за шума трибун не&amp;nbsp;слышу, что мне тренер говорит. Успокоил себя словами: «Я&amp;nbsp;на&amp;nbsp;Кубке мира в&amp;nbsp;первый раз. Что может пойти не&amp;nbsp;так?! Просто делай свое дело». Расслабился и&amp;nbsp;отобрался в&amp;nbsp;преследование (46-е место. —&amp;nbsp;Tribuna.com), а&amp;nbsp;там заехал в&amp;nbsp;очки (39-е место. —&amp;nbsp;Tribuna.com). И&amp;nbsp;дальше неплохо смотрелся&amp;nbsp;— заезжал в&amp;nbsp;очки. На&amp;nbsp;контрольной гонке перед Сочи не&amp;nbsp;был худшим из&amp;nbsp;наших, но&amp;nbsp;все равно не&amp;nbsp;планировался на&amp;nbsp;Олимпиаде. Все делалось под Аленишко. И&amp;nbsp;если&amp;nbsp;бы не&amp;nbsp;Володины проблемы со&amp;nbsp;здоровьем, я&amp;nbsp;бы&amp;nbsp;не бежал. Но&amp;nbsp;так как все готовили для него и&amp;nbsp;под него, то&amp;nbsp;бегал я&amp;nbsp;с&amp;nbsp;его оружием и&amp;nbsp;в&amp;nbsp;его комбинезоне. Сильно это не&amp;nbsp;испортило картину, но&amp;nbsp;винтовка&amp;nbsp;— это очень интимная часть инвентаря. Привычка, энергетика. Со&amp;nbsp;своей винтовкой я&amp;nbsp;бегал еще с&amp;nbsp;ДЮСШ. И&amp;nbsp;лучшие гонки проводил с&amp;nbsp;ней. А&amp;nbsp;тут брал в&amp;nbsp;руки и&amp;nbsp;понимал: не&amp;nbsp;моя.&lt;/p&gt;\n\n&lt;p&gt;&lt;strong&gt;—&amp;nbsp;Это нормальная практика, когда биатлонист стреляет из&amp;nbsp;чужой винтовки и&amp;nbsp;бегает в&amp;nbsp;чужом комбинезоне? Неужели нельзя было что-то сделать?&lt;/strong&gt;&lt;/p&gt;\n\n&lt;p&gt;—&amp;nbsp;По&amp;nbsp;форме, считаю, решить вопрос можно было. А&amp;nbsp;то я&amp;nbsp;бегал в&amp;nbsp;комбинезоне на&amp;nbsp;два размера больше&amp;nbsp;— не&amp;nbsp;очень удобно. Что касается винтовки, то&amp;nbsp;все гораздо сложнее. В&amp;nbsp;России негибкое законодательство насчет оружия. Все контролирует ФСБ. Список оружия был утвержден заранее и&amp;nbsp;изменить его было невозможно.&lt;/p&gt;\n\n&lt;p&gt;***&lt;/p&gt;\n\n&lt;p&gt;&lt;strong&gt;—&amp;nbsp;В&amp;nbsp;первый раз вы&amp;nbsp;попали в&amp;nbsp;сборную благодаря Олегу Рыженкову. Он&amp;nbsp;сейчас снова в&amp;nbsp;команде. Не&amp;nbsp;созванивались?&lt;/strong&gt;&lt;/p&gt;\n\n&lt;p&gt;—&amp;nbsp;Признаюсь, ожидал звонка Олега Владимировича. И&amp;nbsp;если&amp;nbsp;бы он&amp;nbsp;позвонил и&amp;nbsp;сказал: «Я&amp;nbsp;понимаю ситуацию, но&amp;nbsp;не&amp;nbsp;опускай руки, ищи средства, готовься, мы&amp;nbsp;на&amp;nbsp;тебя рассчитываем»,&amp;nbsp;— я&amp;nbsp;бы&amp;nbsp;сейчас землю рыл. Но&amp;nbsp;звонка не&amp;nbsp;было. Это как-то странно. Мы&amp;nbsp;с&amp;nbsp;ним работали пять лет, были в&amp;nbsp;хороших отношениях. Но&amp;nbsp;он&amp;nbsp;молчит. Я&amp;nbsp;не&amp;nbsp;обижаюсь. Просто не&amp;nbsp;думаю, что он&amp;nbsp;особо может влиять. Тот состав, с&amp;nbsp;которым придется работать, ему спустят сверху. Тренер не&amp;nbsp;может на&amp;nbsp;что-то повлиять, но&amp;nbsp;отвечает за&amp;nbsp;результат. Такая вот специфика.&lt;/p&gt;\n\n&lt;p&gt;&lt;strong&gt;—&amp;nbsp;Кто спускает сверху? Глава федерации Андриан Цыбульский? Тренер Юрий Альберс?&lt;/strong&gt;&lt;/p&gt;\n\n&lt;p&gt;—&amp;nbsp;Я&amp;nbsp;не&amp;nbsp;знаю, на&amp;nbsp;каком уровне это решается. Вообще, в&amp;nbsp;биатлоне большая проблема с&amp;nbsp;тренерскими кадрами. Сейчас много говорят о&amp;nbsp;том, что нет материально-технической базы. Но&amp;nbsp;ее&amp;nbsp;никогда не&amp;nbsp;было, а&amp;nbsp;результат был. Вопрос в&amp;nbsp;кадрах. Если тренеров поддержать, они дадут результат даже на&amp;nbsp;убитых лыжах и&amp;nbsp;винтовках.&lt;/p&gt;\n\n&lt;figure class=&quot;image-captioned&quot; style=&quot;width: 100%; max-width: 720px;&quot; data-resized=&quot;1&quot;&gt;&lt;img alt=&quot;Фото: Белорусская федерация биатлона&quot; border=&quot;0&quot; data-x-height=&quot;666&quot; data-x-src=&quot;https://dh.img.tyt.by/n/sport/07/9/tsybulski-111.jpg&quot; data-x-width=&quot;1000&quot; data-y-height=&quot;479&quot; data-y-src=&quot;https://dh.img.tyt.by/720x720s/n/sport/07/9/tsybulski-111.jpg&quot; data-y-width=&quot;720&quot; data-zoom=&quot;1&quot; hspace=&quot;0&quot; src=&quot;https://dh.img.tyt.by/720x720s/n/sport/07/9/tsybulski-111.jpg&quot; title=&quot;Фото: Белорусская федерация биатлона&quot; vspace=&quot;0&quot; width=&quot;720&quot; data-resized=&quot;1&quot; style=&quot;width: 100%; max-width: 720px; cursor: pointer;&quot;&gt;\n&lt;figcaption&gt;Андриан Цыбульский. Фото: Белорусская федерация биатлона&lt;/figcaption&gt;\n&lt;/figure&gt;\n\n&lt;p&gt;С&amp;nbsp;уровнем тренеров тоже беда. Был такой очень перспективный парень Андрей Пуховский. Показал результат и&amp;nbsp;пошел на&amp;nbsp;повышение в&amp;nbsp;юниорскую команду. За&amp;nbsp;три месяца его угробили так, что он&amp;nbsp;вылетел по&amp;nbsp;медицинским показателям! Потому что никто не&amp;nbsp;интересовался, как он&amp;nbsp;занимался в&amp;nbsp;Чаусах. И&amp;nbsp;спортсмен закончился. Вот и&amp;nbsp;получается, что одни тренеры готовят спортсменов, вторые их&amp;nbsp;забирают, а&amp;nbsp;потом «сбрасывают» убитых напрочь с&amp;nbsp;подорванным организмом, нарушенной техникой и&amp;nbsp;поломанной подготовкой и&amp;nbsp;со&amp;nbsp;словами: «Хреновый материал поставляете». И&amp;nbsp;детские тренеры теряют мотивацию.&lt;/p&gt;\n\n&lt;p&gt;А&amp;nbsp;тут еще и&amp;nbsp;практика привоза спортсменов из&amp;nbsp;России, которые занимают место молодых парней безо всякой конкуренции. Тренеры не&amp;nbsp;видят смысла в&amp;nbsp;своей работе. Ты&amp;nbsp;будешь 10 лет ребенку вытирать сопли, готовить его, передашь выше, а&amp;nbsp;там его за&amp;nbsp;год угробят, вернут назад и&amp;nbsp;привезут россиянина. Так ладно&amp;nbsp;бы приехал спортсмен уровня Гараничева. Так нет. Привезли Лобастова, который ничем не&amp;nbsp;лучше нашего молодого Тюрина, например. Но&amp;nbsp;Кирилла никто не&amp;nbsp;возьмет, потому что он&amp;nbsp;в&amp;nbsp;свое время тренировался у&amp;nbsp;Махлаева.&lt;/p&gt;\n\n&lt;p&gt;Для нынешнего поколения белорусских юниоров остался последний шанс пробиться. Международная федерация продлила юниорский возраст на&amp;nbsp;год. И&amp;nbsp;если та&amp;nbsp;же&amp;nbsp;Ольга Гаврилкина не&amp;nbsp;возьмет за&amp;nbsp;этот сезон хоть какую-то медаль&amp;nbsp;— все, конец карьеры. И&amp;nbsp;без разницы, что она будет обыгрывать россиянку Костюченко и&amp;nbsp;всех остальных на&amp;nbsp;республике. Ей&amp;nbsp;скажут: «У&amp;nbsp;нас план. Мы&amp;nbsp;готовимся к&amp;nbsp;Олимпиаде». И&amp;nbsp;все.&lt;/p&gt;\n\n&lt;p&gt;&lt;strong&gt;—&amp;nbsp;Понимаете, для чего руководители федерации всем этим занимаются?&lt;/strong&gt;&lt;/p&gt;\n\n&lt;p&gt;—&amp;nbsp;Никому не&amp;nbsp;нужна внутренняя конкуренция. Сегодня хорошо, а&amp;nbsp;о&amp;nbsp;будущем биатлона практически не&amp;nbsp;думали. А&amp;nbsp;об&amp;nbsp;этом думать надо было вчера. Ведь к&amp;nbsp;такой ситуации, когда нет молодежи, все шло. И&amp;nbsp;теперь: смены нет, отделения биатлона в&amp;nbsp;РУОРе нет! О&amp;nbsp;каком развитии спорта мы&amp;nbsp;говорим, когда уменьшилось количество занимающихся и&amp;nbsp;количество школ?! О&amp;nbsp;каком развитии спорта мы&amp;nbsp;говорим, когда в&amp;nbsp;Чаусах дети тренируются на&amp;nbsp;лыжероллерах на&amp;nbsp;главной площади города перед райисполкомом?!&lt;/p&gt;\n\n&lt;figure class=&quot;image-captioned&quot; style=&quot;width: 100%; max-width: 720px;&quot; data-resized=&quot;1&quot;&gt;&lt;img alt=&quot;Фото: инстаграм Динары Алимбековой&quot; border=&quot;0&quot; data-x-height=&quot;803&quot; data-x-src=&quot;https://dh.img.tyt.by/n/sport/0b/6/chausy-biathlon-1.jpg&quot; data-x-width=&quot;1079&quot; data-y-height=&quot;535&quot; data-y-src=&quot;https://dh.img.tyt.by/720x720s/n/sport/0b/6/chausy-biathlon-1.jpg&quot; data-y-width=&quot;720&quot; data-zoom=&quot;1&quot; hspace=&quot;0&quot; src=&quot;https://dh.img.tyt.by/720x720s/n/sport/0b/6/chausy-biathlon-1.jpg&quot; title=&quot;Фото: инстаграм Динары Алимбековой&quot; vspace=&quot;0&quot; width=&quot;720&quot; data-resized=&quot;1&quot; style=&quot;width: 100%; max-width: 720px; cursor: pointer;&quot;&gt;\n&lt;figcaption&gt;Фото: инстаграм Динары Алимбековой&lt;/figcaption&gt;\n&lt;/figure&gt;\n\n&lt;p&gt;Вот сейчас БФБ организовала Кубок федерации&amp;nbsp;— соревнования для подростков и&amp;nbsp;юниоров. Идея хорошая, но&amp;nbsp;сделали все топорно. Во-первых, ограничили количество участников тремя представителями от&amp;nbsp;региона. Но&amp;nbsp;ведь понятно, что десятый человек из&amp;nbsp;Витебска будет сильнее первого из&amp;nbsp;Бреста. Просто потому, что витебский регион&amp;nbsp;— наш локомотив. Во-вторых, наполнение гонок. Это вообще смешно. Первый этап&amp;nbsp;— масс-старт и&amp;nbsp;микст. Второй&amp;nbsp;— масс-старт и&amp;nbsp;микст. Третий&amp;nbsp;— масс-старт и&amp;nbsp;микст.&lt;/p&gt;\n\n&lt;p&gt;&lt;strong&gt;—&amp;nbsp;А&amp;nbsp;где спринт?&lt;/strong&gt;&lt;/p&gt;\n\n&lt;p&gt;—&amp;nbsp;Вот! Где основная биатлонная гонка? По&amp;nbsp;спринту идет отбор на&amp;nbsp;гонку преследования. Спринт дает возможность отобрать людей на&amp;nbsp;эстафету&amp;nbsp;— потому что дистанция приближена по&amp;nbsp;километражу. Но&amp;nbsp;спринт у&amp;nbsp;нас никто не&amp;nbsp;бегает. И&amp;nbsp;— хохма&amp;nbsp;— на&amp;nbsp;юниорских чемпионатах мира нет масс-стартов. И&amp;nbsp;что эти ребята там будут делать? Разве они будут уметь бежать спринт?&lt;/p&gt;\n\n&lt;p&gt;В-третьих, все этапы проводятся в&amp;nbsp;Новополоцке на&amp;nbsp;очень слабой трассе почти без подъемов. В&amp;nbsp;прошлом году ребята отбегали там весь сезон, поехали на&amp;nbsp;ЧМ в&amp;nbsp;Осрбли, где со&amp;nbsp;старта «лобовик» на&amp;nbsp;400 метров, и&amp;nbsp;все&amp;nbsp;— завязли. Они не&amp;nbsp;знают, как его проходить технически и&amp;nbsp;тактически. А&amp;nbsp;потом мы&amp;nbsp;смотрим результаты… О&amp;nbsp;каком развитии речь?&lt;/p&gt;\n\n&lt;p&gt;&lt;strong&gt;—&amp;nbsp;Есть экспериментальная группа, которая может что-то изменить.&lt;/strong&gt;&lt;/p&gt;\n\n&lt;p&gt;—&amp;nbsp;Допустим. Но, исходя из&amp;nbsp;названия, это эксперимент. А&amp;nbsp;раз так, должна быть еще и&amp;nbsp;контрольная группа из&amp;nbsp;обычных ребят. А&amp;nbsp;у&amp;nbsp;нас уже сейчас спортсменам, которые не&amp;nbsp;попали в&amp;nbsp;эту группу, можно заканчивать. В&amp;nbsp;будущем при равных показателях они никуда не&amp;nbsp;попадут. Единственный шанс&amp;nbsp;— быть сильнее на&amp;nbsp;голову.&lt;/p&gt;\n\n&lt;p&gt;Вот бегала такая Оксана Шиманович по&amp;nbsp;юниорам. На&amp;nbsp;юниорском&amp;nbsp;ЧМ в&amp;nbsp;Нове-Место (сезон 2010/2011. —&amp;nbsp;Tribuna.com) во&amp;nbsp;всех гонках была в&amp;nbsp;цветах. Приходит пора формировать команду, но&amp;nbsp;она в&amp;nbsp;нее не&amp;nbsp;попадает по&amp;nbsp;медицинским критериям. Зато попадает человек, который был 50-й по&amp;nbsp;результатам и&amp;nbsp;которому вообще пофиг этот биатлон. Когда все шли на&amp;nbsp;зарядку, он&amp;nbsp;курил на&amp;nbsp;балконе. Но&amp;nbsp;зато показатели.&lt;/p&gt;\n\n&lt;p&gt;&lt;strong&gt;—&amp;nbsp;Какие?&lt;/strong&gt;&lt;/p&gt;\n\n&lt;p&gt;—&amp;nbsp;В&amp;nbsp;основном МПК. Но&amp;nbsp;потребление кислорода тоже надо правильно интерпретировать. Сам по&amp;nbsp;себе голый МПК&amp;nbsp;— важный фактор, процентов 25 от&amp;nbsp;общего результата, но&amp;nbsp;есть мелочи. Когда пришел Пуаре, он&amp;nbsp;это втолковывал. Постоянно говорил, что результат делают мелочи. Но&amp;nbsp;над ними у&amp;nbsp;нас никто не&amp;nbsp;работает. Нет простейшей индивидуализации тренировочного процесса.&lt;/p&gt;\n\n&lt;p&gt;Выходят на&amp;nbsp;тренировку Чепелин и&amp;nbsp;Лядов, которым под 30 лет, и&amp;nbsp;Витя Кривко, которому 22. И&amp;nbsp;они будут работать одинаково. Хотя они на&amp;nbsp;разных этапах своего развития. В&amp;nbsp;прошлом году начали потягивать Диму Лазовского. Юниор делал то&amp;nbsp;же&amp;nbsp;самое, что и&amp;nbsp;мужики, но&amp;nbsp;ему не&amp;nbsp;нужна эта работа. Ему нужно развиваться, закладывать базу, а&amp;nbsp;Бочарников и&amp;nbsp;Чепелин должны работать на&amp;nbsp;результат здесь и&amp;nbsp;сейчас.&lt;/p&gt;\n\n&lt;p&gt;Плюс чехарда с&amp;nbsp;тренерами и&amp;nbsp;их&amp;nbsp;отношение. Никто не&amp;nbsp;изучал спортивный дневник спортсменов и&amp;nbsp;не&amp;nbsp;смотрел, что парни делали раньше. Даже Пуаре. Но&amp;nbsp;он&amp;nbsp;ладно. Француз сразу сказал: «Все, что вы&amp;nbsp;делали раньше,&amp;nbsp;— фигня. Тренируемся, как я, и&amp;nbsp;все будет». Из-за этого [потому что не&amp;nbsp;изучаются дневники спортсменов] нет прогресса и&amp;nbsp;возникают подобные ситуации: пришел тренер, внедрил свою методику. Двоим она подошла&amp;nbsp;— побежали, двоим не&amp;nbsp;подошла&amp;nbsp;— регресс. Остальные&amp;nbsp;— ни&amp;nbsp;туда, ни&amp;nbsp;сюда. Поменяли тренера, ситуация повторилась. Только теперь первые проседают, вторые&amp;nbsp;— поднимаются. Это топтание на&amp;nbsp;месте. Все результаты, которые сейчас достигают', 10, 1, '2018-11-18 19:44:41', '0000-00-00 00:00:00');
INSERT INTO `posts` (`id`, `title`, `body`, `author`, `status`, `created`, `modified`) VALUES
(31, 'Януковича госпитализировали в Москве в НИИ им. Склифосовского', '&lt;div id=&quot;article_body&quot; itemprop=&quot;articleBody&quot; class=&quot;js-mediator-article&quot; data-io-article-url=&quot;https://news.tut.by/world/615839.html?utm_source=news.tut.by&amp;amp;utm_medium=news-right-block&amp;amp;utm_campaign=popular-news&quot;&gt;&lt;p&gt;&lt;strong&gt;Экс-президент Украины Виктор Янукович госпитализирован в&amp;nbsp;Москве с&amp;nbsp;подозрением на&amp;nbsp;травму позвоночника. Об&amp;nbsp;этом &lt;a href=&quot;https://www.kp.ru/daily/26909.5/3954720/?fbclid=IwAR0ijFUbWqLu0B_AE5Z221fJFm6DYSJXMLU6qYyFD5Jgvr_9EXeWOyYU-hY&quot; target=&quot;_blank&quot;&gt;сообщает «Комсомольская правда»&lt;/a&gt; со&amp;nbsp;ссылкой на&amp;nbsp;источник в&amp;nbsp;НИИ&amp;nbsp;им.&amp;nbsp;Склифосовского.&lt;/strong&gt;&lt;/p&gt;\n\n&lt;figure class=&quot;image-captioned&quot; style=&quot;width: 92%; max-width: 660px;&quot; data-resized=&quot;1&quot;&gt;&lt;img alt=&quot;Виктор Янукович. Фото: BBC&quot; border=&quot;0&quot; data-zoom=&quot;1&quot; hspace=&quot;0&quot; src=&quot;https://dh.img.tyt.by/n/0f/f/yanukovich_23062015.jpg&quot; title=&quot;Виктор Янукович. Фото: BBC&quot; vspace=&quot;0&quot; width=&quot;660&quot; data-resized=&quot;1&quot; style=&quot;width: 100%; max-width: 660px; cursor: pointer;&quot;&gt;\n&lt;figcaption&gt;Виктор Янукович. Фото: BBC&lt;/figcaption&gt;\n&lt;/figure&gt;\n\n&lt;p&gt;По&amp;nbsp;данным газеты, в&amp;nbsp;больницу Янукович был доставлен полностью обездвиженным. Информацию «Комсомольской правды» &lt;a href=&quot;https://360tv.ru/news/chp/janukovicha-ekstrenno-gospitalizirovali/?utm_source=yxnews&amp;amp;utm_medium=desktop&quot; target=&quot;_blank&quot;&gt;подтверждает&lt;/a&gt; источник телеканала «360». По&amp;nbsp;словам собеседника телеканала, у&amp;nbsp;пациента, доставленного в&amp;nbsp;клинику скорой помощи, полностью совпадают паспортные данные с&amp;nbsp;бывшим украинским лидером. Как утверждает источник, Янукович был госпитализирован еще в&amp;nbsp;пятницу. В&amp;nbsp;больницу его доставили примерно в&amp;nbsp;20.30 мск с&amp;nbsp;кровоизлиянием в&amp;nbsp;коленном суставе. В&amp;nbsp;клинике Янукович пробыл около часа.&lt;/p&gt;\n\n&lt;p&gt;По&amp;nbsp;данным «Комсомольской правды», медики также заподозрили у&amp;nbsp;политика травму позвоночника. Предположительно, травму он&amp;nbsp;получил во&amp;nbsp;время игры в&amp;nbsp;теннис. После его поступления в&amp;nbsp;клинику в&amp;nbsp;блоке больницы, куда попал Янукович, временно ограничили доступ посетителей, он&amp;nbsp;был направлен в&amp;nbsp;реанимацию, но&amp;nbsp;позже его увезли в&amp;nbsp;частную клинику.&lt;/p&gt;\n\n&lt;p&gt;Позднее в&amp;nbsp;справочной НИИ&amp;nbsp;им.&amp;nbsp;Склифосовского подтвердили &lt;a href=&quot;http://ria.ru/&quot; target=&quot;_blank&quot;&gt;РИА «Новости»&lt;/a&gt; временную госпитализацию экс-президента Украины. «Он&amp;nbsp;был, но&amp;nbsp;уже не&amp;nbsp;лежит у&amp;nbsp;нас. Поступил в&amp;nbsp;пятницу, ему была оказана помощь, отпущен в&amp;nbsp;тот&amp;nbsp;же день»,&amp;nbsp;— цитирует агентство слова собеседника.&lt;/p&gt;\n\n&lt;p&gt;Виктор Янукович являлся премьером Украины с&amp;nbsp;2002 по&amp;nbsp;2005 год и&amp;nbsp;с&amp;nbsp;2006 по&amp;nbsp;2007 год, на&amp;nbsp;пост президента он&amp;nbsp;впервые баллотировался после ухода Леонида Кучмы в&amp;nbsp;2004 году. По&amp;nbsp;первоначальным данным ЦИК Украины, он&amp;nbsp;опередил своего соперника, Виктора Ющенко, однако после массовых протестов был назначен третий тур, в&amp;nbsp;котором Янукович проиграл. Однако в&amp;nbsp;2010 году Янукович все&amp;nbsp;же смог добиться поста президента по&amp;nbsp;итогам выборов. В&amp;nbsp;2014 году в&amp;nbsp;результате Евромайдана, столкновений в&amp;nbsp;Киеве и&amp;nbsp;затяжного политического кризиса Янукович был отстранен от&amp;nbsp;власти. 23&amp;nbsp;февраля он&amp;nbsp;бежал в&amp;nbsp;Крым, откуда он&amp;nbsp;был эвакуирован в&amp;nbsp;Россию. Уже с&amp;nbsp;территории России он&amp;nbsp;обратился к&amp;nbsp;Владимиру Путину с&amp;nbsp;просьбой «использовать Вооруженные силы Российской Федерации для восстановления законности, мира, правопорядка, стабильности, защиты населения Украины».&lt;/p&gt;\n\n&lt;p&gt;В&amp;nbsp;Украине Януковича обвиняют в&amp;nbsp;государственной измене, пособничестве в&amp;nbsp;ведении агрессивной войны и&amp;nbsp;умышленных действиях, совершенных с&amp;nbsp;целью изменения территории и&amp;nbsp;государственной границы Украины. Сторона обвинения запросила для него 15 лет лишения свободы.&lt;/p&gt;\n&lt;!--POLL--&gt;&lt;style&gt;&lt;/style&gt;&lt;div class=&quot;fotorama--hidden&quot;&gt;&lt;/div&gt;&lt;div class=&quot;fGallery autogenerated fotorama fotorama1542536643467&quot; style=&quot;position: absolute; bottom: 0px; left: 0px; width: 1px; height: 1px; display: none;&quot;&gt;&lt;div class=&quot;fotorama__wrap fotorama__wrap--css3 fotorama__wrap--slide&quot; style=&quot;width: 100%; min-width: 0px; max-width: 100%;&quot;&gt;&lt;div class=&quot;ftr-fullscreen ftr-fullscreen-0&quot;&gt;&lt;i class=&quot;f-icon icon-fs&quot;&gt;&lt;/i&gt;&lt;/div&gt;&lt;div class=&quot;fotorama__stage&quot; style=&quot;width: 100px; height: 480px;&quot;&gt;&lt;div class=&quot;fotorama__fullscreen-icon&quot; tabindex=&quot;0&quot; role=&quot;button&quot;&gt;&lt;/div&gt;&lt;div class=&quot;fotorama__stage__shaft&quot; style=&quot;transition-duration: 0ms; transform: translate3d(0px, 0px, 0px); width: 100px; margin-left: 0px;&quot;&gt;&lt;div class=&quot;fotorama__stage__frame fotorama__loaded fotorama__loaded--img fotorama__active&quot; style=&quot;left: 0px;&quot;&gt;&lt;img src=&quot;https://dh.img.tyt.by/n/0f/f/yanukovich_23062015.jpg&quot; class=&quot;fotorama__img&quot; style=&quot;width: 100px; height: 57px; left: 0px; top: 211px;&quot;&gt;&lt;div class=&quot;fotorama__caption&quot; style=&quot;left: 10px; top: 267.212px; width: 100px;&quot;&gt;&lt;div class=&quot;fotorama__caption__wrap&quot;&gt;Виктор Янукович. Фото: BBC&lt;/div&gt;&lt;/div&gt;&lt;/div&gt;&lt;/div&gt;&lt;div class=&quot;fotorama__arr fotorama__arr--prev fotorama__arr--disabled&quot; tabindex=&quot;-1&quot; role=&quot;button&quot; disabled=&quot;disabled&quot; style=&quot;display: none;&quot;&gt;&lt;span class=&quot;f-icon&quot;&gt;&lt;/span&gt;&lt;/div&gt;&lt;div class=&quot;fotorama__arr fotorama__arr--next fotorama__arr--disabled&quot; tabindex=&quot;-1&quot; role=&quot;button&quot; disabled=&quot;disabled&quot; style=&quot;display: none;&quot;&gt;&lt;span class=&quot;f-icon&quot;&gt;&lt;/span&gt;&lt;/div&gt;&lt;div class=&quot;fotorama__video-close&quot;&gt;&lt;/div&gt;&lt;/div&gt;&lt;div class=&quot;fotorama__idescription&quot;&gt;&lt;div class=&quot;fotorama__count&quot;&gt;&lt;span class=&quot;fotorama__count-current&quot;&gt;1&lt;/span&gt; из &lt;span class=&quot;fotorama__count-total&quot;&gt;1&lt;/span&gt;&lt;/div&gt;&lt;div class=&quot;fotorama__caption caption-0&quot;&gt;&lt;div class=&quot;fGallery__title&quot;&gt;Виктор Янукович. Фото: BBC&lt;/div&gt;&lt;/div&gt;&lt;/div&gt;&lt;/div&gt;&lt;/div&gt;&lt;/div&gt;', 10, 1, '2018-11-18 19:43:16', '0000-00-00 00:00:00'),
(32, 'Сборная Беларуси по футболу играет в гостях против Сан-Марино. Онлайн матча Читать полностью: ', '&lt;div id=&quot;article_body&quot; itemprop=&quot;articleBody&quot; class=&quot;js-mediator-article&quot; data-io-article-url=&quot;https://sport.tut.by/news/football/615852.html?utm_source=lady.tut.by&amp;amp;utm_medium=news-right-block&amp;amp;utm_campaign=popular-news&quot;&gt;&lt;p&gt;&lt;strong&gt;Сборная Беларуси по&amp;nbsp;футболу проведет сегодня последний матч группового этапа Лиги наций. Подопечные Игоря Криушенко сыграют в&amp;nbsp;гостях против Сан-Марино.&lt;/strong&gt;&lt;/p&gt;\n\n&lt;figure class=&quot;image-captioned&quot; style=&quot;width: 100%; max-width: 720px;&quot; data-resized=&quot;1&quot;&gt;&lt;img alt=&quot;Фото: Вадим Замировский, TUT.BY&quot; border=&quot;0&quot; data-x-height=&quot;800&quot; data-x-src=&quot;https://dh.img.tyt.by/n/sport/06/2/10_futbol_08092018_zam_tutby_phsl.jpg&quot; data-x-width=&quot;1200&quot; data-y-height=&quot;480&quot; data-y-src=&quot;https://dh.img.tyt.by/720x720s/n/sport/06/2/10_futbol_08092018_zam_tutby_phsl.jpg&quot; data-y-width=&quot;720&quot; data-zoom=&quot;1&quot; hspace=&quot;0&quot; src=&quot;https://dh.img.tyt.by/720x720s/n/sport/06/2/10_futbol_08092018_zam_tutby_phsl.jpg&quot; title=&quot;Фото: Вадим Замировский, TUT.BY&quot; vspace=&quot;0&quot; width=&quot;720&quot; data-resized=&quot;1&quot; style=&quot;width: 100%; max-width: 720px; cursor: pointer;&quot;&gt;\n&lt;figcaption&gt;Фото: Вадим Замировский, TUT.BY&lt;/figcaption&gt;\n&lt;/figure&gt;\n\n&lt;p&gt;Белорусы уже практически гарантировали себе выход в&amp;nbsp;плей-офф, который состоится в&amp;nbsp;марте 2020 года. Для этого белорусам нужно не&amp;nbsp;проиграть сегодня команде Сан-Марино, которая побеждает в&amp;nbsp;среднем раз в&amp;nbsp;десять лет. Первая игра этих команд в&amp;nbsp;Минске завершилась победой нашей сборной со&amp;nbsp;счетом 5:0.&lt;/p&gt;\n\n&lt;p&gt;Положение команд после пяти туров.&lt;/p&gt;\n\n&lt;p&gt;1. Беларусь&amp;nbsp;— 11 очков (разница мячей&amp;nbsp;— 8:0).&lt;/p&gt;\n\n&lt;p&gt;2. Люксембург&amp;nbsp;— 9 (10:3).&lt;/p&gt;\n\n&lt;p&gt;3. Молдова&amp;nbsp;— 8 (3:4).&lt;/p&gt;\n\n&lt;p&gt;4. Сан-Марино&amp;nbsp;— 0 (0:14.&lt;/p&gt;&lt;div class=&quot;infoBlock&quot; data-id=&quot;poll-widget-3843&quot;&gt;\n	&lt;h4&gt;Опрос&lt;/h4&gt;\n	&lt;div class=&quot;b-voter&quot;&gt;&lt;form action=&quot;https://sport.tut.by/poll/&quot; method=&quot;post&quot; name=&quot;article_poll&quot; class=&quot;b-voter-wrapper&quot;&gt;\n	&lt;input id=&quot;qid&quot; type=&quot;hidden&quot; name=&quot;qid&quot; value=&quot;3843&quot;&gt;\n	&lt;h3&gt;Как сборная Беларуси завершит групповой этап Лиги наций?&lt;/h3&gt;\n	&lt;ul class=&quot;b-voter-list&quot;&gt;&lt;li class=&quot;voter__li&quot;&gt;\n	&lt;input id=&quot;aid17226&quot; type=&quot;radio&quot; name=&quot;aid&quot; value=&quot;17226&quot;&gt;\n	&lt;label for=&quot;aid17226&quot;&gt;Обыграет Сан-Марино&lt;/label&gt;\n&lt;/li&gt;&lt;li class=&quot;voter__li&quot;&gt;\n	&lt;input id=&quot;aid17227&quot; type=&quot;radio&quot; name=&quot;aid&quot; value=&quot;17227&quot;&gt;\n	&lt;label for=&quot;aid17227&quot;&gt;Проиграет Сан-Марино&lt;/label&gt;\n&lt;/li&gt;&lt;li class=&quot;voter__li&quot;&gt;\n	&lt;input id=&quot;aid17228&quot; type=&quot;radio&quot; name=&quot;aid&quot; value=&quot;17228&quot;&gt;\n	&lt;label for=&quot;aid17228&quot;&gt;Будет ничья&lt;/label&gt;\n&lt;/li&gt;&lt;/ul&gt;\n	&lt;p class=&quot;b-voter-send&quot;&gt;\n		&lt;input type=&quot;submit&quot; name=&quot;send&quot; value=&quot;Ответить&quot; class=&quot;button&quot;&gt;\n		&lt;span class=&quot;total&quot;&gt;190 голосов&lt;/span&gt;\n	&lt;/p&gt;\n&lt;/form&gt;&lt;p class=&quot;all&quot;&gt;&lt;a href=&quot;https://sport.tut.by/poll-3843.html&quot;&gt;Результаты опроса&lt;/a&gt;&lt;/p&gt;&lt;/div&gt;\n&lt;/div&gt;\n&lt;script type=&quot;text/javascript&quot;&gt;\n	(function(sContext){\n		var oContext=$(sContext);\n		$(&quot;input[name=aid]&quot;,oContext).on({\n			&quot;change&quot;: function(e) {\n				if($(&quot;input[name=aid]:checked&quot;,this.form).length&gt;0) {\n					if($(&quot;input[name=aid]:checked&quot;,this.form).val()==&quot;uansw&quot;) {\n						$(&quot;input[name=answer]&quot;,this.form).show().focus().parents(&quot;li&quot;).find(&quot;label&quot;).first().hide();\n					} else {\n						$(&quot;input[name=answer]&quot;,this.form).hide().parents(&quot;li&quot;).find(&quot;label&quot;).first().show();\n					}\n				}\n				else {\n					$(&quot;input[name=answer]&quot;,this.form).hide().parents(&quot;li&quot;).find(&quot;label&quot;).first().show();\n				}\n			}\n		}).change();\n		$(&quot;form[name=article_poll]&quot;,oContext).on(\'submit\',function(e){\n			e.preventDefault();\n			var self=this, answerId = 0, answerText = \'\', questionId = $(\'input[type=hidden][name=qid]\',this).val();\n			if($(\'input[name=aid]:checked\',this).length&lt;=0) {\n				alert(&quot;\\u041d\\u0435\\u043e\\u0431\\u0445\\u043e\\u0434\\u0438\\u043c\\u043e \\u0432\\u044b\\u0431\\u0440\\u0430\\u0442\\u044c \\u043e\\u0434\\u0438\\u043d \\u0438\\u0437 \\u0432\\u0430\\u0440\\u0438\\u0430\\u043d\\u0442\\u043e\\u0432 \\u043e\\u0442\\u0432\\u0435\\u0442\\u0430&quot;+&quot;!&quot;);\n				return false;\n			}\n			answerId = $(\'input[name=aid]:checked\',this).val();\n			if(answerId == \'uansw\')\n				answerText = $(\'input[name=answer]\',this).val();\n			if(answerId==&quot;uansw&quot; &amp;&amp; answerText.toString().replace(/^\\s*(.*?)\\s*$/,&quot;$1&quot;).length&lt;=0) {\n				alert(&quot;\\u041d\\u0435\\u043e\\u0431\\u0445\\u043e\\u0434\\u0438\\u043c\\u043e \\u0437\\u0430\\u043f\\u043e\\u043b\\u043d\\u0438\\u0442\\u044c \\u0441\\u0432\\u043e\\u0439 \\u0432\\u0430\\u0440\\u0438\\u0430\\u043d\\u0442 \\u043e\\u0442\\u0432\\u0435\\u0442\\u0430&quot;+&quot;!&quot;);\n				return false;\n			}\n			$.ajax({\n				url: &quot;https://sport.tut.by/poll/&quot;,\n				type: &quot;POST&quot;,\n				dataType: &quot;json&quot;,\n				data: {\n					&quot;qid&quot;: questionId,\n					&quot;aid&quot;: answerId,\n					&quot;answer&quot;: answerText,\n					&quot;type&quot;: \'article\',\n				}\n			}).success (function(r) {\n				if (r.content) {\n					$(self).closest(oContext).replaceWith(r.content);\n				}\n			});\n		});\n	})(&quot;[data-id=poll-widget-&quot;+3843+&quot;]&quot;);\n&lt;/script&gt;\n\n&lt;p&gt;&lt;strong&gt;SPORT.TUT.BY рассказывает о&amp;nbsp;ходе матча. Начало&amp;nbsp;— в&amp;nbsp;20.00.&lt;/strong&gt;&lt;/p&gt;\n\n&lt;p&gt;&lt;ins data-info=&quot;eyJ0aXRsZSI6Ilx1MDQyMVx1MDQzMFx1MDQzZC1cdTA0MWNcdTA0MzBcdTA0NDBcdTA0MzhcdTA0M2RcdTA0M2UgLSBcdTA0MTFcdTA0MzVcdTA0M2JcdTA0MzBcdTA0NDBcdTA0NDNcdTA0NDFcdTA0NGMuIFx1MDQxY1x1MDQzMFx1MDQ0Mlx1MDQ0NyBcdTA0MzNcdTA0NDBcdTA0NDNcdTA0M2ZcdTA0M2ZcdTA0M2VcdTA0MzJcdTA0M2VcdTA0MzNcdTA0M2UgXHUwNDRkXHUwNDQyXHUwNDMwXHUwNDNmXHUwNDMwIFx1MDQxYlx1MDQzOFx1MDQzM1x1MDQzOCBcdTA0M2RcdTA0MzBcdTA0NDZcdTA0MzhcdTA0MzkiLCJpZCI6Ijk5NyIsIm9yZGVyIjoiZGVzYyIsInJhdGluZyI6dHJ1ZX0=&quot; data-type=&quot;broadcast-widget&quot;&gt;&lt;iframe allowtransparency=&quot;true&quot; data-id=&quot;translation-997&quot; frameborder=&quot;0&quot; scrolling=&quot;no&quot; style=&quot;width: 1px; min-width: 100%; height: 1433px; visibility: visible;&quot; id=&quot;tutby-widget-1&quot;&gt;&lt;/iframe&gt; &lt;/ins&gt;&lt;/p&gt;\n&lt;style&gt;&lt;/style&gt;&lt;div class=&quot;fotorama--hidden&quot;&gt;&lt;/div&gt;&lt;div class=&quot;fGallery autogenerated fotorama fotorama1542559415790&quot; style=&quot;position: absolute; bottom: 0px; left: 0px; width: 1px; height: 1px; display: none;&quot;&gt;&lt;div class=&quot;fotorama__wrap fotorama__wrap--css3 fotorama__wrap--slide&quot; style=&quot;width: 100%; min-width: 0px; max-width: 100%;&quot;&gt;&lt;div class=&quot;ftr-fullscreen ftr-fullscreen-0&quot;&gt;&lt;i class=&quot;f-icon icon-fs&quot;&gt;&lt;/i&gt;&lt;/div&gt;&lt;div class=&quot;fotorama__stage&quot; style=&quot;width: 100px; height: 480px;&quot;&gt;&lt;div class=&quot;fotorama__fullscreen-icon&quot; tabindex=&quot;0&quot; role=&quot;button&quot;&gt;&lt;/div&gt;&lt;div class=&quot;fotorama__stage__shaft&quot; style=&quot;transition-duration: 0ms; transform: translate3d(0px, 0px, 0px); width: 100px; margin-left: 0px;&quot;&gt;&lt;div class=&quot;fotorama__stage__frame fotorama__active fotorama__loaded fotorama__loaded--img&quot; style=&quot;left: 0px;&quot;&gt;&lt;img src=&quot;https://dh.img.tyt.by/n/sport/06/2/10_futbol_08092018_zam_tutby_phsl.jpg&quot; class=&quot;fotorama__img&quot; style=&quot;width: 100px; height: 67px; left: 0px; top: 206px;&quot;&gt;&lt;div class=&quot;fotorama__caption&quot; style=&quot;left: 10px; top: 272.667px; width: 100px;&quot;&gt;&lt;div class=&quot;fotorama__caption__wrap&quot;&gt;Фото: Вадим Замировский, TUT.BY&lt;/div&gt;&lt;/div&gt;&lt;/div&gt;&lt;/div&gt;&lt;div class=&quot;fotorama__arr fotorama__arr--prev fotorama__arr--disabled&quot; tabindex=&quot;-1&quot; role=&quot;button&quot; disabled=&quot;disabled&quot; style=&quot;display: none;&quot;&gt;&lt;span class=&quot;f-icon&quot;&gt;&lt;/span&gt;&lt;/div&gt;&lt;div class=&quot;fotorama__arr fotorama__arr--next fotorama__arr--disabled&quot; tabindex=&quot;-1&quot; role=&quot;button&quot; disabled=&quot;disabled&quot; style=&quot;display: none;&quot;&gt;&lt;span class=&quot;f-icon&quot;&gt;&lt;/span&gt;&lt;/div&gt;&lt;div class=&quot;fotorama__video-close&quot;&gt;&lt;/div&gt;&lt;/div&gt;&lt;div class=&quot;fotorama__idescription&quot;&gt;&lt;div class=&quot;fotorama__count&quot;&gt;&lt;span class=&quot;fotorama__count-current&quot;&gt;1&lt;/span&gt; из &lt;span class=&quot;fotorama__count-total&quot;&gt;1&lt;/span&gt;&lt;/div&gt;&lt;div class=&quot;fotorama__caption caption-0&quot;&gt;&lt;div class=&quot;fGallery__title&quot;&gt;Фото: Вадим Замировский, TUT.BY&lt;/div&gt;&lt;/div&gt;&lt;/div&gt;&lt;/div&gt;&lt;/div&gt;&lt;/div&gt;', 10, 1, '2018-11-18 19:43:58', '0000-00-00 00:00:00'),
(35, '4-кратный олимпийский чемпион: Я бы стер границу между Россией и Беларусью и в центре посадил Лукашенко Читать полностью', '&lt;div id=&quot;article_body&quot; itemprop=&quot;articleBody&quot; class=&quot;js-mediator-article&quot; data-io-article-url=&quot;https://sport.tut.by/news/biathlon/613874.html&quot;&gt;&lt;p&gt;&lt;strong&gt;Четырехкратный олимпийский чемпион по&amp;nbsp;биатлону Александр Тихонов в&amp;nbsp;большом интервью &lt;a href=&quot;https://by.tribuna.com/tribuna/blogs/drovosek/2227861.html&quot; target=&quot;_blank&quot;&gt;Tribuna.com&lt;/a&gt; рассказал о&amp;nbsp;своем отношении к&amp;nbsp;Александру Лукашенко.&lt;/strong&gt;&lt;/p&gt;\n\n&lt;figure class=&quot;image-captioned&quot; style=&quot;width: 100%; max-width: 720px;&quot; data-resized=&quot;1&quot;&gt;&lt;img alt=&quot;Александр Тихонов. Фото: Reuters&quot; border=&quot;0&quot; data-x-height=&quot;794&quot; data-x-src=&quot;https://dh.img.tyt.by/n/reuters/0f/2/rtx2h54h-tihonov-tikhonov-2016-1.jpg&quot; data-x-width=&quot;1200&quot; data-y-height=&quot;476&quot; data-y-src=&quot;https://dh.img.tyt.by/720x720s/n/reuters/0f/2/rtx2h54h-tihonov-tikhonov-2016-1.jpg&quot; data-y-width=&quot;720&quot; data-zoom=&quot;1&quot; hspace=&quot;0&quot; src=&quot;https://dh.img.tyt.by/720x720s/n/reuters/0f/2/rtx2h54h-tihonov-tikhonov-2016-1.jpg&quot; title=&quot;Александр Тихонов. Фото: Reuters&quot; vspace=&quot;0&quot; width=&quot;720&quot; data-resized=&quot;1&quot; style=&quot;width: 100%; max-width: 720px; cursor: pointer;&quot;&gt;\n&lt;figcaption&gt;Александр Тихонов. Фото: Reuters&lt;/figcaption&gt;\n&lt;/figure&gt;\n\n&lt;p&gt;—&amp;nbsp;Если&amp;nbsp;бы была моя воля, я&amp;nbsp;бы&amp;nbsp;на карте стер границу между Россией и&amp;nbsp;Беларусью, обнес&amp;nbsp;бы все китайской стеной и&amp;nbsp;в&amp;nbsp;центре посадил&amp;nbsp;бы Лукашенко.&lt;/p&gt;\n\n&lt;p&gt;Обратите внимание, Александр Григорьевич без конспектов говорит о&amp;nbsp;том, что происходит в&amp;nbsp;любой области и&amp;nbsp;в&amp;nbsp;любом районе Беларуси. А&amp;nbsp;в&amp;nbsp;России говорят то, чего нет, чего в&amp;nbsp;природе не&amp;nbsp;существует. Твердят, что зарплата повышается, уровень жизни растет, а&amp;nbsp;все на&amp;nbsp;самом деле падает. Президента вакуумом окружили, и&amp;nbsp;он&amp;nbsp;ничего не&amp;nbsp;знает.&lt;/p&gt;\n\n&lt;p&gt;Посмотрите, сколько у&amp;nbsp;вас строится объектов. Холодильник&amp;nbsp;— белорусский, телевизор, двери, замки&amp;nbsp;— тоже. В&amp;nbsp;России&amp;nbsp;же ничего нет.&lt;/p&gt;\n\n&lt;p&gt;&lt;strong&gt;—&amp;nbsp;Но&amp;nbsp;где вы&amp;nbsp;увидите в&amp;nbsp;Европе, чтобы президент руководил страной 24 года? Разве это нормально?&lt;/strong&gt;&lt;/p&gt;\n\n&lt;p&gt;—&amp;nbsp;Абсолютно нормально. В&amp;nbsp;Германии Ангела Меркель будет руководить страной как минимум 16 лет. В&amp;nbsp;России был Горбачев, потом пришел Ельцин. Один болтун, второй выпить любил. Скажите, пожалуйста, что при них в&amp;nbsp;лучшую сторону изменилось в&amp;nbsp;стране? А&amp;nbsp;Беларусь потихоньку растет, развивается. Жилье строится не&amp;nbsp;только в&amp;nbsp;Минске, но и&amp;nbsp;в&amp;nbsp;других городах.&lt;/p&gt;&lt;div id=&quot;contentvast47813&quot; class=&quot;bannerAdfWrapper&quot; style=&quot;text-align: center;&quot;&gt;\n&lt;div id=&quot;contentvast&quot; style=&quot;margin: 0px auto; text-align: center; width: 560px; position: relative; overflow: hidden; opacity: 0; height: 0px; transform: initial; transition: height 2s cubic-bezier(0.2, 0.9, 0.79, 0.89) 0s, opacity 2s ease-out 0s;&quot;&gt;&lt;/div&gt;\n&lt;script type=&quot;text/javascript&quot;&gt;\n var RndNum4NoCash = Math.round(Math.random() * 1000000000);\n var Adriver_Native_Video_Params = {\n \n /* Native Video Parameters Start */\n ar_folder: \'https://bugaga.tut.by/attachments/46695/\',\n ar_VAST_link: \'https://ad.adriver.ru/cgi-bin/erle.cgi?sid=216636&amp;bn=1&amp;target=blank&amp;bt=61&amp;pz=0&amp;tuid=1&amp;rnd=\'+RndNum4NoCash,\n ar_MobileImgNameStart: \'1.png\',\n ar_MobileImgNameEnd: \'\',\n ar_MobilePlayStyle: 2,\n ar_iClickText: encodeURIComponent(\'ѕерейти на сайт рекламодател€€...\'),\n ar_width: 560,\n ar_height: 315,\n ar_open: 30,\n ar_close: 0,\n ar_speed: 2,\n ar_pix: \'\',\n ar_divid: \'contentvast\',\n ar_tag: \'\',\n ar_num: 13,\n /* Native Video Parameters End*/\n \n init: function(){var head=document.getElementsByTagName(\'head\')[0],s = document.createElement(\'script\');s.setAttribute(\'type\', \'text/javascript\');s.setAttribute(\'charset\', \'windows-1251\');s.setAttribute(\'src\', Adriver_Native_Video_Params.ar_folder+\'native.video.vast.ad.js\');s.onreadystatechange = function(){if(/loaded|complete/.test(this.readyState)){s.onload = null;Adriver_Native_Video.Native_Video(0);}};s.onload = function(e){if(head&amp;&amp;s) {Adriver_Native_Video.Native_Video(0);}};head.insertBefore(s, head.firstChild);}\n };\n Adriver_Native_Video_Params.init();\n&lt;/script&gt;&lt;script type=&quot;text/javascript&quot;&gt;try{TUTBYAdvAPI.adf_async().init({id:&quot;contentvast47813&quot;,destination:{id:\'article_body\',tag:\'p\',num:2}});} catch(e){}&lt;/script&gt;\n&lt;/div&gt;\n\n&lt;p&gt;Съездите в&amp;nbsp;МГУ. Посмотрите состояние общежитий этого университета и&amp;nbsp;сравните с&amp;nbsp;сельхозакадемией в&amp;nbsp;Горках. Да&amp;nbsp;там просто рабочая общага в&amp;nbsp;сравнении с&amp;nbsp;академией!&lt;/p&gt;\n\n&lt;p&gt;Пенсионеры в&amp;nbsp;России загибаются, дорог нет. Есть только полезные ископаемые&amp;nbsp;— больше ничего. Здесь их&amp;nbsp;нет, но&amp;nbsp;жизненные условия улучшаются и&amp;nbsp;улучшаются,&amp;nbsp;— сказал Тихонов.&lt;/p&gt;\n&lt;style&gt;&lt;/style&gt;&lt;div class=&quot;fotorama--hidden&quot;&gt;&lt;/div&gt;&lt;div class=&quot;fGallery autogenerated fotorama fotorama1542559500123&quot; style=&quot;position: absolute; bottom: 0px; left: 0px; width: 1px; height: 1px; display: none;&quot;&gt;&lt;div class=&quot;fotorama__wrap fotorama__wrap--css3 fotorama__wrap--slide&quot; style=&quot;width: 100%; min-width: 0px; max-width: 100%;&quot;&gt;&lt;div class=&quot;ftr-fullscreen ftr-fullscreen-0&quot;&gt;&lt;i class=&quot;f-icon icon-fs&quot;&gt;&lt;/i&gt;&lt;/div&gt;&lt;div class=&quot;fotorama__stage&quot; style=&quot;width: 100px; height: 480px;&quot;&gt;&lt;div class=&quot;fotorama__fullscreen-icon&quot; tabindex=&quot;0&quot; role=&quot;button&quot;&gt;&lt;/div&gt;&lt;div class=&quot;fotorama__stage__shaft&quot; style=&quot;transition-duration: 0ms; transform: translate3d(0px, 0px, 0px); width: 100px; margin-left: 0px;&quot;&gt;&lt;div class=&quot;fotorama__stage__frame fotorama__loaded fotorama__loaded--img fotorama__active&quot; style=&quot;left: 0px;&quot;&gt;&lt;img src=&quot;https://dh.img.tyt.by/n/reuters/0f/2/rtx2h54h-tihonov-tikhonov-2016-1.jpg&quot; class=&quot;fotorama__img&quot; style=&quot;width: 100px; height: 67px; left: 0px; top: 206px;&quot;&gt;&lt;div class=&quot;fotorama__caption&quot; style=&quot;left: 10px; top: 272.167px; width: 100px;&quot;&gt;&lt;div class=&quot;fotorama__caption__wrap&quot;&gt;Александр Тихонов. Фото: Reuters&lt;/div&gt;&lt;/div&gt;&lt;/div&gt;&lt;/div&gt;&lt;div class=&quot;fotorama__arr fotorama__arr--prev fotorama__arr--disabled&quot; tabindex=&quot;-1&quot; role=&quot;button&quot; disabled=&quot;disabled&quot; style=&quot;display: none;&quot;&gt;&lt;span class=&quot;f-icon&quot;&gt;&lt;/span&gt;&lt;/div&gt;&lt;div class=&quot;fotorama__arr fotorama__arr--next fotorama__arr--disabled&quot; tabindex=&quot;-1&quot; role=&quot;button&quot; disabled=&quot;disabled&quot; style=&quot;display: none;&quot;&gt;&lt;span class=&quot;f-icon&quot;&gt;&lt;/span&gt;&lt;/div&gt;&lt;div class=&quot;fotorama__video-close&quot;&gt;&lt;/div&gt;&lt;/div&gt;&lt;div class=&quot;fotorama__idescription&quot;&gt;&lt;div class=&quot;fotorama__count&quot;&gt;&lt;span class=&quot;fotorama__count-current&quot;&gt;1&lt;/span&gt; из &lt;span class=&quot;fotorama__count-total&quot;&gt;1&lt;/span&gt;&lt;/div&gt;&lt;div class=&quot;fotorama__caption caption-0&quot;&gt;&lt;div class=&quot;fGallery__title&quot;&gt;Александр Тихонов. Фото: Reuters&lt;/div&gt;&lt;/div&gt;&lt;/div&gt;&lt;/div&gt;&lt;/div&gt;&lt;/div&gt;', 10, 1, '2018-11-18 19:46:06', '0000-00-00 00:00:00'),
(36, 'Домрачева все еще не уведомила Международный союз биатлонистов о завершении карьеры', '&lt;div id=&quot;article_body&quot; itemprop=&quot;articleBody&quot; class=&quot;js-mediator-article&quot; data-io-article-url=&quot;https://sport.tut.by/news/biathlon/612955.html&quot;&gt;&lt;p&gt;&lt;strong&gt;Четырехкратная олимпийская чемпионка Дарья Домрачева до&amp;nbsp;сих пор не&amp;nbsp;уведомила Международный союз биатлонистов (IBU) о&amp;nbsp;том, что завершила спортивную карьеру. Об&amp;nbsp;этом &lt;a href=&quot;https://tass.ru/sport/5712989&quot; target=&quot;_blank&quot;&gt;ТАСС&lt;/a&gt; сообщили в&amp;nbsp;организации&lt;/strong&gt;.&lt;/p&gt;\n\n&lt;figure class=&quot;image-captioned&quot; style=&quot;width: 100%; max-width: 720px;&quot; data-resized=&quot;1&quot;&gt;&lt;img alt=&quot;Фото: Вадим Замировский, TUT.BY&quot; border=&quot;0&quot; data-x-height=&quot;800&quot; data-x-src=&quot;https://dh.img.tyt.by/n/zamirovskiy/0a/10/06_domracheva_25062018_zam_tutby_phsl.jpg&quot; data-x-width=&quot;1200&quot; data-y-height=&quot;480&quot; data-y-src=&quot;https://dh.img.tyt.by/720x720s/n/zamirovskiy/0a/10/06_domracheva_25062018_zam_tutby_phsl.jpg&quot; data-y-width=&quot;720&quot; data-zoom=&quot;1&quot; hspace=&quot;0&quot; src=&quot;https://dh.img.tyt.by/720x720s/n/zamirovskiy/0a/10/06_domracheva_25062018_zam_tutby_phsl.jpg&quot; title=&quot;Фото: Вадим Замировский, TUT.BY&quot; vspace=&quot;0&quot; width=&quot;720&quot; data-resized=&quot;1&quot; style=&quot;width: 100%; max-width: 720px; cursor: pointer;&quot;&gt;\n&lt;figcaption&gt;Дарья Домрачева. Фото: Вадим Замировский, TUT.BY&lt;/figcaption&gt;\n&lt;/figure&gt;\n\n&lt;p&gt;32-летняя Домрачева &lt;a href=&quot;https://sport.tut.by/news/biathlon/598258.html&quot; target=&quot;_blank&quot; title=&quot;Дарья Домрачева объявила о завершении карьеры&quot;&gt;объявила об&amp;nbsp;окончании карьеры в&amp;nbsp;июне&lt;/a&gt;, однако она продолжает оставаться в&amp;nbsp;пуле тестирования IBU. В&amp;nbsp;него входит и&amp;nbsp;российская биатлонистка Ольга Подчуфарова, однако в&amp;nbsp;список спортсменов, которые в&amp;nbsp;предстоящем сезоне будут проверяться на&amp;nbsp;допинг, она попала по&amp;nbsp;ошибке.&lt;/p&gt;\n\n&lt;p&gt;—&amp;nbsp;Действительно, Подчуфарова указана по&amp;nbsp;ошибке и&amp;nbsp;будет исключена, поскольку она или ее&amp;nbsp;национальная федерация отправили официальное письмо об&amp;nbsp;окончании карьеры, что является единственным основанием для нас, позволяющим исключить спортсмена из&amp;nbsp;пула тестирования. Такого письма от&amp;nbsp;Домрачевой мы&amp;nbsp;не&amp;nbsp;получали,&amp;nbsp;— отметили в&amp;nbsp;международной федерации.&lt;/p&gt;&lt;div id=&quot;contentvast47813&quot; class=&quot;bannerAdfWrapper&quot; style=&quot;text-align: center;&quot;&gt;\n&lt;div id=&quot;contentvast&quot; style=&quot;margin: 0px auto; text-align: center; width: 560px; position: relative; overflow: hidden; opacity: 0; height: 0px; transform: initial; transition: height 2s cubic-bezier(0.2, 0.9, 0.79, 0.89) 0s, opacity 2s ease-out 0s;&quot;&gt;&lt;/div&gt;\n&lt;script type=&quot;text/javascript&quot;&gt;\n var RndNum4NoCash = Math.round(Math.random() * 1000000000);\n var Adriver_Native_Video_Params = {\n \n /* Native Video Parameters Start */\n ar_folder: \'https://bugaga.tut.by/attachments/46695/\',\n ar_VAST_link: \'https://ad.adriver.ru/cgi-bin/erle.cgi?sid=216636&amp;bn=1&amp;target=blank&amp;bt=61&amp;pz=0&amp;tuid=1&amp;rnd=\'+RndNum4NoCash,\n ar_MobileImgNameStart: \'1.png\',\n ar_MobileImgNameEnd: \'\',\n ar_MobilePlayStyle: 2,\n ar_iClickText: encodeURIComponent(\'ѕерейти на сайт рекламодател€€...\'),\n ar_width: 560,\n ar_height: 315,\n ar_open: 30,\n ar_close: 0,\n ar_speed: 2,\n ar_pix: \'\',\n ar_divid: \'contentvast\',\n ar_tag: \'\',\n ar_num: 13,\n /* Native Video Parameters End*/\n \n init: function(){var head=document.getElementsByTagName(\'head\')[0],s = document.createElement(\'script\');s.setAttribute(\'type\', \'text/javascript\');s.setAttribute(\'charset\', \'windows-1251\');s.setAttribute(\'src\', Adriver_Native_Video_Params.ar_folder+\'native.video.vast.ad.js\');s.onreadystatechange = function(){if(/loaded|complete/.test(this.readyState)){s.onload = null;Adriver_Native_Video.Native_Video(0);}};s.onload = function(e){if(head&amp;&amp;s) {Adriver_Native_Video.Native_Video(0);}};head.insertBefore(s, head.firstChild);}\n };\n Adriver_Native_Video_Params.init();\n&lt;/script&gt;&lt;script type=&quot;text/javascript&quot;&gt;try{TUTBYAdvAPI.adf_async().init({id:&quot;contentvast47813&quot;,destination:{id:\'article_body\',tag:\'p\',num:2}});} catch(e){}&lt;/script&gt;\n&lt;/div&gt;\n\n&lt;p&gt;Из&amp;nbsp;профессионального спорта Домрачева ушла вслед за&amp;nbsp;своим мужем, восьмикратным олимпийским чемпионом Уле-Эйнаром Бьорндаленом.&lt;/p&gt;\n\n&lt;p&gt;&lt;strong&gt;&lt;a href=&quot;https://sport.tut.by/news/biathlon/612224.html&quot; target=&quot;_blank&quot; title=&quot;Домрачева рассказала о прибавлении. В семье появился Porsche Cayenne E-Hybrid&quot;&gt;Домрачева рассказала о&amp;nbsp;прибавлении. В&amp;nbsp;семье появился Porsche Cayenne E-Hybrid&lt;/a&gt;&lt;/strong&gt;&lt;/p&gt;\n\n&lt;p&gt;В&amp;nbsp;декабре Домрачева и&amp;nbsp;Бьорндален &lt;a href=&quot;https://sport.tut.by/news/biathlon/612367.html&quot; target=&quot;_blank&quot; title=&quot;Домрачева: Уверена, что в этом сезоне мне еще удастся почувствовать вкус соревновательного духа&quot;&gt;выступят&lt;/a&gt; в&amp;nbsp;Рождественской гонке, которая ежегодно проходит в&amp;nbsp;немецком Гельзенкирхене.&lt;/p&gt;\n&lt;style&gt;&lt;/style&gt;&lt;div class=&quot;fotorama--hidden&quot;&gt;&lt;/div&gt;&lt;div class=&quot;fGallery autogenerated fotorama fotorama1542559502936&quot; style=&quot;position: absolute; bottom: 0px; left: 0px; width: 1px; height: 1px; display: block;&quot;&gt;&lt;div class=&quot;fotorama__wrap fotorama__wrap--css3 fotorama__wrap--slide fotorama__wrap--no-controls&quot; style=&quot;width: 100%; min-width: 0px; max-width: 100%;&quot;&gt;&lt;div class=&quot;ftr-fullscreen ftr-fullscreen-0&quot;&gt;&lt;i class=&quot;f-icon icon-fs&quot;&gt;&lt;/i&gt;&lt;/div&gt;&lt;div class=&quot;fotorama__stage&quot; style=&quot;width: 1px; height: 480px;&quot;&gt;&lt;div class=&quot;fotorama__fullscreen-icon&quot; tabindex=&quot;0&quot; role=&quot;button&quot;&gt;&lt;/div&gt;&lt;div class=&quot;fotorama__stage__shaft&quot; style=&quot;transition-duration: 0ms; transform: translate3d(0px, 0px, 0px); width: 1px; margin-left: 0px;&quot;&gt;&lt;div class=&quot;fotorama__stage__frame fotorama__loaded fotorama__loaded--img fotorama__active&quot; style=&quot;left: 0px;&quot;&gt;&lt;img src=&quot;https://dh.img.tyt.by/n/zamirovskiy/0a/10/06_domracheva_25062018_zam_tutby_phsl.jpg&quot; class=&quot;fotorama__img&quot; style=&quot;width: 1px; height: 1px; left: 0px; top: 239px;&quot;&gt;&lt;/div&gt;&lt;/div&gt;&lt;div class=&quot;fotorama__arr fotorama__arr--prev fotorama__arr--disabled&quot; tabindex=&quot;-1&quot; role=&quot;button&quot; disabled=&quot;disabled&quot; style=&quot;display: none;&quot;&gt;&lt;span class=&quot;f-icon&quot;&gt;&lt;/span&gt;&lt;/div&gt;&lt;div class=&quot;fotorama__arr fotorama__arr--next fotorama__arr--disabled&quot; tabindex=&quot;-1&quot; role=&quot;button&quot; disabled=&quot;disabled&quot; style=&quot;display: none;&quot;&gt;&lt;span class=&quot;f-icon&quot;&gt;&lt;/span&gt;&lt;/div&gt;&lt;div class=&quot;fotorama__video-close&quot;&gt;&lt;/div&gt;&lt;/div&gt;&lt;div class=&quot;fotorama__idescription&quot;&gt;&lt;div class=&quot;fotorama__count&quot;&gt;&lt;span class=&quot;fotorama__count-current&quot;&gt;1&lt;/span&gt; из &lt;span class=&quot;fotorama__count-total&quot;&gt;1&lt;/span&gt;&lt;/div&gt;&lt;/div&gt;&lt;/div&gt;&lt;/div&gt;&lt;/div&gt;', 10, 1, '2018-11-18 19:46:35', '2018-11-18 20:46:02');

-- --------------------------------------------------------

--
-- Структура таблицы `roles`
--

CREATE TABLE `roles` (
  `role_id` int(10) UNSIGNED NOT NULL,
  `role_name` varchar(50) NOT NULL
) ENGINE=MyISAM DEFAULT CHARSET=utf8;

--
-- Дамп данных таблицы `roles`
--

INSERT INTO `roles` (`role_id`, `role_name`) VALUES
(0, 'user'),
(1, 'moderator'),
(2, 'administrator');

-- --------------------------------------------------------

--
-- Структура таблицы `role_perm`
--

CREATE TABLE `role_perm` (
  `id` int(11) NOT NULL,
  `role_id` int(10) UNSIGNED NOT NULL,
  `perm_id` int(10) UNSIGNED NOT NULL,
  `description` varchar(255) NOT NULL
) ENGINE=MyISAM DEFAULT CHARSET=utf8;

--
-- Дамп данных таблицы `role_perm`
--

INSERT INTO `role_perm` (`id`, `role_id`, `perm_id`, `description`) VALUES
(9, 0, 1, ''),
(2, 0, 2, ''),
(3, 0, 3, ''),
(4, 1, 1, ''),
(5, 1, 2, ''),
(6, 1, 4, ''),
(7, 1, 6, ''),
(8, 0, 5, ''),
(10, 0, 7, ''),
(11, 0, 8, ''),
(12, 0, 9, ''),
(13, 0, 11, ''),
(14, 1, 13, ''),
(15, 1, 7, ''),
(16, 1, 8, ''),
(17, 1, 10, ''),
(18, 1, 12, ''),
(19, 1, 14, '');

-- --------------------------------------------------------

--
-- Структура таблицы `users`
--

CREATE TABLE `users` (
  `id` int(11) NOT NULL,
  `login` varchar(255) NOT NULL,
  `password` varchar(255) NOT NULL,
  `email` varchar(255) NOT NULL,
  `status` int(11) NOT NULL DEFAULT '1',
  `created` datetime NOT NULL DEFAULT CURRENT_TIMESTAMP
) ENGINE=MyISAM DEFAULT CHARSET=utf8;

--
-- Дамп данных таблицы `users`
--

INSERT INTO `users` (`id`, `login`, `password`, `email`, `status`, `created`) VALUES
(6, 'admin1', 'fc269aecacd835c98a8b26c1ccec3be6', 'admin@admin.ru2\n', 1, '2018-11-16 17:04:31'),
(5, 'admin', '623affd1d9a1844c4adf4bef220a5a39', 'admin@admin.ru1\n', 1, '2018-11-16 16:50:30'),
(7, '', '72f15328aaa8dd23334a71b3374b8b72', 'admin@pupkin.ru', 1, '2018-11-16 20:03:41'),
(8, '', '160af85789ce79d7fd1c3493282df4c1', '12321321', 1, '2018-11-16 20:39:29'),
(9, '', '28ba5b8fa1eefbae4e875de0cd41edf0', 'aaa@ee.ru', 1, '2018-11-17 10:25:49'),
(10, '', '28ba5b8fa1eefbae4e875de0cd41edf0', 'sean@bk.ru', 1, '2018-11-17 14:31:10'),
(11, '', '0e8152a056adf44b92c345435732b432', 'sean@bk.ru1', 1, '2018-11-17 14:33:04'),
(12, '', '0e8152a056adf44b92c345435732b432', 'sean@bk.ru12', 1, '2018-11-17 14:34:50'),
(13, '', 'ccb5d3701a1d3a6b4fe1ff7331ccf265', 'sean@bk.ru122', 1, '2018-11-17 14:35:51'),
(14, '', 'f79c49979a70082055e15a292a389951', 'xiii@bk.ru', 1, '2018-11-17 14:38:11'),
(15, '', '28ba5b8fa1eefbae4e875de0cd41edf0', 'user2@user.ru', 1, '2018-11-18 15:40:44'),
(16, '', '72f15328aaa8dd23334a71b3374b8b72', 'moder@moder.ru', 1, '2018-11-18 17:29:02'),
(17, '', '72f15328aaa8dd23334a71b3374b8b72', '9999@mail.ru', 1, '2018-11-18 19:56:18'),
(18, '', '72f15328aaa8dd23334a71b3374b8b72', 'xxx@bk.ru', 1, '2018-11-18 20:33:49'),
(19, '', 'd2a02880a210fd9a61b4c3faec21dd66', 'test@test.ru', 1, '2018-11-18 22:20:49');

-- --------------------------------------------------------

--
-- Структура таблицы `user_role`
--

CREATE TABLE `user_role` (
  `id` int(11) NOT NULL,
  `user_id` int(10) UNSIGNED NOT NULL,
  `role_id` int(10) UNSIGNED NOT NULL
) ENGINE=MyISAM DEFAULT CHARSET=utf8;

--
-- Дамп данных таблицы `user_role`
--

INSERT INTO `user_role` (`id`, `user_id`, `role_id`) VALUES
(3, 9, 0),
(2, 8, 0),
(4, 10, 0),
(5, 11, 0),
(6, 12, 0),
(7, 13, 0),
(8, 14, 0),
(9, 15, 0),
(10, 16, 1),
(11, 17, 1),
(12, 18, 0),
(13, 19, 0);

--
-- Индексы сохранённых таблиц
--

--
-- Индексы таблицы `access`
--
ALTER TABLE `access`
  ADD PRIMARY KEY (`id`);

--
-- Индексы таблицы `comments`
--
ALTER TABLE `comments`
  ADD PRIMARY KEY (`id`);

--
-- Индексы таблицы `keys`
--
ALTER TABLE `keys`
  ADD PRIMARY KEY (`id`);

--
-- Индексы таблицы `permissions`
--
ALTER TABLE `permissions`
  ADD PRIMARY KEY (`perm_id`);

--
-- Индексы таблицы `posts`
--
ALTER TABLE `posts`
  ADD PRIMARY KEY (`id`);

--
-- Индексы таблицы `roles`
--
ALTER TABLE `roles`
  ADD PRIMARY KEY (`role_id`);

--
-- Индексы таблицы `role_perm`
--
ALTER TABLE `role_perm`
  ADD PRIMARY KEY (`id`),
  ADD KEY `role_id` (`role_id`),
  ADD KEY `perm_id` (`perm_id`);

--
-- Индексы таблицы `users`
--
ALTER TABLE `users`
  ADD PRIMARY KEY (`id`);

--
-- Индексы таблицы `user_role`
--
ALTER TABLE `user_role`
  ADD PRIMARY KEY (`id`),
  ADD KEY `user_id` (`user_id`),
  ADD KEY `role_id` (`role_id`);

--
-- AUTO_INCREMENT для сохранённых таблиц
--

--
-- AUTO_INCREMENT для таблицы `access`
--
ALTER TABLE `access`
  MODIFY `id` int(11) UNSIGNED NOT NULL AUTO_INCREMENT;

--
-- AUTO_INCREMENT для таблицы `comments`
--
ALTER TABLE `comments`
  MODIFY `id` int(11) NOT NULL AUTO_INCREMENT, AUTO_INCREMENT=29;

--
-- AUTO_INCREMENT для таблицы `keys`
--
ALTER TABLE `keys`
  MODIFY `id` int(11) NOT NULL AUTO_INCREMENT, AUTO_INCREMENT=20;

--
-- AUTO_INCREMENT для таблицы `permissions`
--
ALTER TABLE `permissions`
  MODIFY `perm_id` int(10) UNSIGNED NOT NULL AUTO_INCREMENT, AUTO_INCREMENT=15;

--
-- AUTO_INCREMENT для таблицы `posts`
--
ALTER TABLE `posts`
  MODIFY `id` int(11) NOT NULL AUTO_INCREMENT, AUTO_INCREMENT=45;

--
-- AUTO_INCREMENT для таблицы `roles`
--
ALTER TABLE `roles`
  MODIFY `role_id` int(10) UNSIGNED NOT NULL AUTO_INCREMENT, AUTO_INCREMENT=4;

--
-- AUTO_INCREMENT для таблицы `role_perm`
--
ALTER TABLE `role_perm`
  MODIFY `id` int(11) NOT NULL AUTO_INCREMENT, AUTO_INCREMENT=20;

--
-- AUTO_INCREMENT для таблицы `users`
--
ALTER TABLE `users`
  MODIFY `id` int(11) NOT NULL AUTO_INCREMENT, AUTO_INCREMENT=20;

--
-- AUTO_INCREMENT для таблицы `user_role`
--
ALTER TABLE `user_role`
  MODIFY `id` int(11) NOT NULL AUTO_INCREMENT, AUTO_INCREMENT=14;
COMMIT;

/*!40101 SET CHARACTER_SET_CLIENT=@OLD_CHARACTER_SET_CLIENT */;
/*!40101 SET CHARACTER_SET_RESULTS=@OLD_CHARACTER_SET_RESULTS */;
/*!40101 SET COLLATION_CONNECTION=@OLD_COLLATION_CONNECTION */;
